sensor_id,timestamp,temperature_c,humidity_percent,rainfall_mm_h,wind_speed_ms,pressure_hpa
WS001,2025-04-28T01:39:21.029599,29.4,68.4,0.0,8.1,1016.7
WS001,2025-04-28T02:39:21.029599,28.0,68.3,0.0,2.4,1019.5
WS001,2025-04-28T03:39:21.029599,26.2,63.9,0.0,3.7,1012.9
WS001,2025-04-28T04:39:21.029599,28.2,71.3,0.0,7.0,1019.1
WS001,2025-04-28T05:39:21.029599,28.7,64.3,0.0,3.6,1019.1
WS001,2025-04-28T06:39:21.029599,29.7,60.1,0.0,2.3,1017.0
WS001,2025-04-28T07:39:21.029599,30.8,67.9,0.0,2.3,1013.3
WS001,2025-04-28T08:39:21.029599,31.1,68.6,2.23,2.0,1009.4
WS001,2025-04-28T09:39:21.029599,30.8,68.1,0.59,3.8,1017.0
WS001,2025-04-28T10:39:21.029599,31.2,80.0,0.0,3.3,1016.4
WS001,2025-04-28T11:39:21.029599,32.6,56.9,0.0,2.1,1019.0
WS001,2025-04-28T12:39:21.029599,32.7,62.0,3.81,1.2,1006.4
WS001,2025-04-28T13:39:21.029599,32.1,57.6,0.0,4.7,1007.8
WS001,2025-04-28T14:39:21.029599,30.3,63.5,0.0,4.9,1015.7
WS001,2025-04-28T15:39:21.029599,30.4,79.4,0.0,4.7,1012.0
WS001,2025-04-28T16:39:21.029599,30.7,73.5,0.0,4.0,1010.9
WS001,2025-04-28T17:39:21.029599,30.5,57.9,0.0,1.9,1009.6
WS001,2025-04-28T18:39:21.029599,31.7,66.8,0.0,1.1,1007.2
WS001,2025-04-28T19:39:21.029599,28.7,66.7,0.0,3.4,1008.8
WS001,2025-04-28T20:39:21.029599,27.0,65.7,0.0,0.6,1013.3
WS001,2025-04-28T21:39:21.029599,27.7,63.3,0.0,2.2,1019.9
WS001,2025-04-28T22:39:21.029599,27.2,60.1,0.0,2.4,1024.6
WS001,2025-04-28T23:39:21.029599,26.9,55.4,0.0,3.6,1012.4
WS001,2025-04-29T00:39:21.029599,26.6,74.3,0.0,1.7,1005.9
WS001,2025-04-29T01:39:21.029599,30.0,80.4,0.0,3.5,1011.0
WS001,2025-04-29T02:39:21.029599,28.6,65.4,0.0,6.3,1019.8
WS001,2025-04-29T03:39:21.029599,28.1,68.2,0.0,9.1,1015.0
WS001,2025-04-29T04:39:21.029599,29.4,61.4,1.02,4.6,1012.4
WS001,2025-04-29T05:39:21.029599,29.0,68.1,0.0,4.5,1010.8
WS001,2025-04-29T06:39:21.029599,30.3,57.7,2.27,2.1,1003.1
WS001,2025-04-29T07:39:21.029599,32.9,66.5,0.0,1.6,1019.6
WS001,2025-04-29T08:39:21.029599,31.1,61.3,1.22,5.4,1005.9
WS001,2025-04-29T09:39:21.029599,31.5,67.9,0.0,6.1,1019.0
WS001,2025-04-29T10:39:21.029599,32.4,71.9,0.0,1.2,1016.6
WS001,2025-04-29T11:39:21.029599,31.9,65.2,0.0,6.4,1023.0
WS001,2025-04-29T12:39:21.029599,31.8,59.7,0.0,5.4,1010.6
WS001,2025-04-29T13:39:21.029599,30.2,62.9,0.83,1.1,1016.2
WS001,2025-04-29T14:39:21.029599,31.5,64.0,0.0,5.0,1017.4
WS001,2025-04-29T15:39:21.029599,32.1,58.3,1.13,3.6,1021.4
WS001,2025-04-29T16:39:21.029599,29.5,72.2,3.3,1.6,1008.8
WS001,2025-04-29T17:39:21.029599,31.3,70.1,0.0,1.2,1011.4
WS001,2025-04-29T18:39:21.029599,29.5,62.6,0.0,1.4,1009.2
WS001,2025-04-29T19:39:21.029599,29.4,68.3,0.0,6.1,1015.9
WS001,2025-04-29T20:39:21.029599,28.5,67.6,0.0,3.6,1011.4
WS001,2025-04-29T21:39:21.029599,28.4,61.4,0.0,5.3,1014.8
WS001,2025-04-29T22:39:21.029599,28.0,67.8,0.0,9.7,1014.2
WS001,2025-04-29T23:39:21.029599,25.5,62.8,0.0,2.1,1010.9
WS001,2025-04-30T00:39:21.029599,26.8,74.0,0.0,6.8,1013.9
WS001,2025-04-30T01:39:21.029599,27.2,75.2,0.0,2.8,1017.0
WS001,2025-04-30T02:39:21.029599,28.2,61.3,2.17,3.8,1014.1
WS001,2025-04-30T03:39:21.029599,28.5,68.7,0.0,3.3,1015.7
WS001,2025-04-30T04:39:21.029599,29.6,61.1,0.66,2.6,1015.9
WS001,2025-04-30T05:39:21.029599,26.9,66.4,1.36,4.1,1008.1
WS001,2025-04-30T06:39:21.029599,29.5,60.9,0.48,1.3,1013.2
WS001,2025-04-30T07:39:21.029599,29.1,59.6,1.32,0.8,1007.1
WS001,2025-04-30T08:39:21.029599,30.6,72.6,0.0,5.3,1011.9
WS001,2025-04-30T09:39:21.029599,32.4,64.9,0.0,2.2,1012.0
WS001,2025-04-30T10:39:21.029599,32.0,65.4,0.0,1.4,1011.3
WS001,2025-04-30T11:39:21.029599,31.4,63.1,0.0,3.3,1014.8
WS001,2025-04-30T12:39:21.029599,32.3,60.5,0.0,1.6,1020.9
WS001,2025-04-30T13:39:21.029599,31.0,62.5,0.0,2.9,1013.8
WS001,2025-04-30T14:39:21.029599,30.3,69.7,0.0,1.5,1023.9
WS001,2025-04-30T15:39:21.029599,31.2,76.6,0.0,1.5,1022.2
WS001,2025-04-30T16:39:21.029599,29.5,66.0,1.04,5.4,1011.0
WS001,2025-04-30T17:39:21.029599,29.9,66.3,0.0,3.1,1012.7
WS001,2025-04-30T18:39:21.029599,30.1,64.9,0.0,2.7,1016.7
WS001,2025-04-30T19:39:21.029599,27.5,67.0,1.84,2.5,1012.9
WS001,2025-04-30T20:39:21.029599,29.3,66.5,0.0,3.8,1017.7
WS001,2025-04-30T21:39:21.029599,27.3,64.3,0.0,2.5,1018.8
WS001,2025-04-30T22:39:21.029599,29.3,59.1,0.0,1.1,1017.1
WS001,2025-04-30T23:39:21.029599,28.0,61.0,0.0,0.2,1007.8
WS001,2025-05-01T00:39:21.029599,30.0,70.0,2.67,4.8,1012.3
WS001,2025-05-01T01:39:21.029599,27.6,54.2,0.0,1.0,1014.9
WS001,2025-05-01T02:39:21.029599,28.7,69.1,7.16,1.0,1017.1
WS001,2025-05-01T03:39:21.029599,28.2,62.6,0.0,3.7,1015.2
WS001,2025-05-01T04:39:21.029599,28.4,65.3,0.0,2.6,1007.4
WS001,2025-05-01T05:39:21.029599,28.8,66.0,0.0,1.0,1023.5
WS001,2025-05-01T06:39:21.029599,29.9,69.1,0.8,1.1,1013.7
WS001,2025-05-01T07:39:21.029599,31.5,68.8,0.0,2.1,1013.3
WS001,2025-05-01T08:39:21.029599,30.4,70.4,0.0,5.4,1012.8
WS001,2025-05-01T09:39:21.029599,31.3,71.0,0.0,2.7,1019.6
WS001,2025-05-01T10:39:21.029599,29.6,62.7,0.0,5.0,1016.0
WS001,2025-05-01T11:39:21.029599,31.5,76.5,0.0,1.4,1009.5
WS001,2025-05-01T12:39:21.029599,32.1,65.7,4.27,9.9,1017.9
WS001,2025-05-01T13:39:21.029599,32.4,73.8,0.0,0.5,1003.3
WS001,2025-05-01T14:39:21.029599,31.2,67.6,0.38,2.2,1016.7
WS001,2025-05-01T15:39:21.029599,31.7,67.8,0.0,2.3,1018.0
WS001,2025-05-01T16:39:21.029599,31.1,58.6,5.71,1.6,1013.8
WS001,2025-05-01T17:39:21.029599,31.1,68.5,1.63,3.0,1014.3
WS001,2025-05-01T18:39:21.029599,28.5,72.3,0.0,1.7,1018.9
WS001,2025-05-01T19:39:21.029599,28.1,71.6,0.0,1.4,1011.4
WS001,2025-05-01T20:39:21.029599,28.6,69.3,0.0,8.5,1010.7
WS001,2025-05-01T21:39:21.029599,28.1,71.0,0.0,6.2,1007.8
WS001,2025-05-01T22:39:21.029599,27.9,62.9,0.0,5.4,1018.7
WS001,2025-05-01T23:39:21.029599,26.5,60.8,0.0,7.6,1006.8
WS001,2025-05-02T00:39:21.029599,27.7,57.9,0.0,3.4,1007.1
WS001,2025-05-02T01:39:21.029599,26.3,69.4,4.29,0.5,1011.3
WS001,2025-05-02T02:39:21.029599,28.4,69.1,0.0,7.1,1009.9
WS001,2025-05-02T03:39:21.029599,28.6,60.4,0.0,2.0,1015.9
WS001,2025-05-02T04:39:21.029599,28.4,71.6,0.0,10.4,1014.1
WS001,2025-05-02T05:39:21.029599,28.9,69.2,0.0,2.8,1013.8
WS001,2025-05-02T06:39:21.029599,29.1,66.0,0.0,2.1,1021.3
WS001,2025-05-02T07:39:21.029599,30.0,67.9,0.0,3.3,1016.4
WS001,2025-05-02T08:39:21.029599,31.4,60.6,0.0,1.5,1017.7
WS001,2025-05-02T09:39:21.029599,30.9,75.2,0.0,3.0,1008.6
WS001,2025-05-02T10:39:21.029599,30.3,68.0,0.0,0.9,1012.0
WS001,2025-05-02T11:39:21.029599,30.3,61.0,0.0,1.7,1010.5
WS001,2025-05-02T12:39:21.029599,31.2,74.5,2.51,1.4,1014.3
WS001,2025-05-02T13:39:21.029599,31.2,62.6,0.67,2.4,1014.0
WS001,2025-05-02T14:39:21.029599,30.7,69.3,2.63,1.0,1011.3
WS001,2025-05-02T15:39:21.029599,30.6,64.6,0.0,2.5,1014.8
WS001,2025-05-02T16:39:21.029599,29.7,71.6,0.0,0.3,1016.7
WS001,2025-05-02T17:39:21.029599,30.5,62.4,0.0,2.8,1018.1
WS001,2025-05-02T18:39:21.029599,28.8,68.6,0.0,2.7,1019.5
WS001,2025-05-02T19:39:21.029599,30.1,65.0,0.0,4.3,1019.6
WS001,2025-05-02T20:39:21.029599,26.7,66.3,0.0,1.2,1016.9
WS001,2025-05-02T21:39:21.029599,29.6,66.1,0.0,2.1,1016.9
WS001,2025-05-02T22:39:21.029599,28.2,67.9,0.0,4.9,1014.1
WS001,2025-05-02T23:39:21.029599,26.2,68.0,0.0,6.5,1016.7
WS001,2025-05-03T00:39:21.029599,26.2,69.1,0.0,7.5,1005.0
WS001,2025-05-03T01:39:21.029599,27.2,63.2,0.52,6.8,1013.8
WS001,2025-05-03T02:39:21.029599,28.0,76.2,0.0,5.1,1007.0
WS001,2025-05-03T03:39:21.029599,30.5,65.5,0.0,8.2,1006.8
WS001,2025-05-03T04:39:21.029599,27.8,72.0,0.0,2.4,1009.5
WS001,2025-05-03T05:39:21.029599,27.2,67.6,0.0,1.8,1008.2
WS001,2025-05-03T06:39:21.029599,31.7,68.4,0.0,2.0,1003.3
WS001,2025-05-03T07:39:21.029599,31.9,68.6,0.0,6.7,1017.5
WS001,2025-05-03T08:39:21.029599,31.4,64.3,0.0,3.9,1014.0
WS001,2025-05-03T09:39:21.029599,32.5,62.8,0.0,11.5,1016.9
WS001,2025-05-03T10:39:21.029599,32.3,53.6,0.0,8.0,1013.9
WS001,2025-05-03T11:39:21.029599,31.9,69.4,0.0,1.4,1018.8
WS001,2025-05-03T12:39:21.029599,30.4,69.5,0.0,1.9,1015.7
WS001,2025-05-03T13:39:21.029599,30.3,63.8,1.16,1.2,1015.4
WS001,2025-05-03T14:39:21.029599,32.7,63.3,0.0,4.3,1009.5
WS001,2025-05-03T15:39:21.029599,31.1,57.8,0.0,3.3,1009.5
WS001,2025-05-03T16:39:21.029599,30.5,69.9,3.39,1.5,1010.7
WS001,2025-05-03T17:39:21.029599,31.2,64.5,0.0,2.1,997.5
WS001,2025-05-03T18:39:21.029599,30.9,71.4,2.61,3.6,1013.0
WS001,2025-05-03T19:39:21.029599,28.2,57.6,6.77,4.0,1008.6
WS001,2025-05-03T20:39:21.029599,28.0,61.2,0.0,4.6,1023.6
WS001,2025-05-03T21:39:21.029599,27.7,74.9,0.0,2.5,1024.7
WS001,2025-05-03T22:39:21.029599,25.7,68.6,0.0,1.4,1012.0
WS001,2025-05-03T23:39:21.029599,29.8,64.5,0.0,17.2,1007.4
WS001,2025-05-04T00:39:21.029599,26.4,65.3,0.0,1.5,1010.2
WS001,2025-05-04T01:39:21.029599,27.3,66.7,0.0,4.3,1017.3
WS001,2025-05-04T02:39:21.029599,28.3,58.3,0.0,3.4,1012.0
WS001,2025-05-04T03:39:21.029599,28.2,59.9,0.0,7.5,1006.8
WS001,2025-05-04T04:39:21.029599,28.6,77.6,0.0,4.0,1018.3
WS001,2025-05-04T05:39:21.029599,30.7,65.3,0.0,0.8,1014.1
WS001,2025-05-04T06:39:21.029599,29.4,75.2,0.17,7.1,1007.9
WS001,2025-05-04T07:39:21.029599,32.5,59.5,2.09,1.3,1009.8
WS001,2025-05-04T08:39:21.029599,31.1,65.4,0.0,2.7,1015.1
WS001,2025-05-04T09:39:21.029599,31.4,64.6,0.0,8.9,1012.7
WS001,2025-05-04T10:39:21.029599,31.8,62.9,0.0,3.6,1019.5
WS001,2025-05-04T11:39:21.029599,32.3,74.7,0.15,4.2,1022.6
WS001,2025-05-04T12:39:21.029599,31.6,67.5,0.0,0.9,1014.5
WS001,2025-05-04T13:39:21.029599,30.5,60.9,0.0,3.2,1007.9
WS001,2025-05-04T14:39:21.029599,32.9,68.5,0.0,4.6,1009.9
WS001,2025-05-04T15:39:21.029599,30.0,67.8,0.0,6.6,1010.8
WS001,2025-05-04T16:39:21.029599,30.6,62.1,1.32,5.3,1013.3
WS001,2025-05-04T17:39:21.029599,31.4,51.4,0.0,8.0,1026.0
WS001,2025-05-04T18:39:21.029599,28.6,63.8,0.57,1.8,1006.7
WS001,2025-05-04T19:39:21.029599,29.0,67.3,0.0,8.6,1015.9
WS001,2025-05-04T20:39:21.029599,28.7,52.3,3.05,4.4,1008.7
WS001,2025-05-04T21:39:21.029599,29.0,58.2,0.0,1.5,1012.8
WS001,2025-05-04T22:39:21.029599,27.5,61.4,0.0,5.9,1001.2
WS001,2025-05-04T23:39:21.029599,28.1,73.3,0.0,3.0,1015.1
WS001,2025-05-05T00:39:21.029599,28.0,65.2,0.0,2.8,1014.5
WS001,2025-05-05T01:39:21.029599,28.9,75.3,1.05,2.1,1021.2
WS001,2025-05-05T02:39:21.029599,26.8,81.3,0.0,7.6,1015.9
WS001,2025-05-05T03:39:21.029599,25.7,62.8,0.0,3.7,1011.6
WS001,2025-05-05T04:39:21.029599,29.0,68.6,0.0,1.6,1014.7
WS001,2025-05-05T05:39:21.029599,29.8,69.5,0.0,0.8,1005.7
WS001,2025-05-05T06:39:21.029599,28.2,73.8,0.81,4.4,1017.4
WS001,2025-05-05T07:39:21.029599,29.7,68.6,0.0,3.4,1024.4
WS001,2025-05-05T08:39:21.029599,29.9,72.2,0.0,6.1,1012.6
WS001,2025-05-05T09:39:21.029599,30.2,61.5,0.0,1.2,1019.3
WS001,2025-05-05T10:39:21.029599,31.9,63.4,3.54,3.9,1008.5
WS001,2025-05-05T11:39:21.029599,32.5,69.7,1.05,2.2,1008.9
WS001,2025-05-05T12:39:21.029599,30.0,75.6,0.0,4.1,1025.0
WS001,2025-05-05T13:39:21.029599,31.4,63.7,0.06,3.1,1015.0
WS001,2025-05-05T14:39:21.029599,31.7,73.4,0.0,1.9,1010.1
WS001,2025-05-05T15:39:21.029599,31.0,63.6,0.0,3.3,1016.3
WS001,2025-05-05T16:39:21.029599,29.3,68.2,0.0,8.0,1020.7
WS001,2025-05-05T17:39:21.029599,29.6,68.0,0.0,2.2,1016.6
WS001,2025-05-05T18:39:21.029599,31.5,58.9,0.0,1.9,1013.4
WS001,2025-05-05T19:39:21.029599,29.3,70.6,0.0,1.6,1005.8
WS001,2025-05-05T20:39:21.029599,28.9,66.1,0.0,0.2,1012.7
WS001,2025-05-05T21:39:21.029599,26.8,67.6,0.0,7.3,1014.1
WS001,2025-05-05T22:39:21.029599,28.6,59.4,0.0,8.6,1005.3
WS001,2025-05-05T23:39:21.029599,26.5,70.9,0.0,2.4,1019.0
WS001,2025-05-06T00:39:21.029599,27.5,60.4,0.0,4.1,1013.2
WS001,2025-05-06T01:39:21.029599,28.7,71.6,0.0,2.8,1007.9
WS001,2025-05-06T02:39:21.029599,28.2,65.3,0.0,2.1,1018.2
WS001,2025-05-06T03:39:21.029599,28.1,72.9,0.0,0.3,1006.7
WS001,2025-05-06T04:39:21.029599,28.2,73.9,0.0,0.8,1020.2
WS001,2025-05-06T05:39:21.029599,28.1,72.8,2.01,5.4,1014.7
WS001,2025-05-06T06:39:21.029599,30.6,62.3,0.0,2.9,1012.4
WS001,2025-05-06T07:39:21.029599,32.3,54.6,0.0,4.6,1023.1
WS001,2025-05-06T08:39:21.029599,29.8,68.3,3.28,3.5,1011.7
WS001,2025-05-06T09:39:21.029599,31.4,64.7,0.0,3.2,1012.5
WS001,2025-05-06T10:39:21.029599,32.3,64.5,0.0,4.2,1009.6
WS001,2025-05-06T11:39:21.029599,32.2,63.7,1.31,6.7,1010.8
WS001,2025-05-06T12:39:21.029599,32.3,77.5,0.0,0.3,1018.8
WS001,2025-05-06T13:39:21.029599,29.3,66.7,0.0,6.1,1009.1
WS001,2025-05-06T14:39:21.029599,32.0,69.9,0.95,4.9,1017.5
WS001,2025-05-06T15:39:21.029599,30.7,67.0,0.46,4.7,1019.6
WS001,2025-05-06T16:39:21.029599,29.9,68.2,0.0,8.0,1011.5
WS001,2025-05-06T17:39:21.029599,29.4,66.5,0.0,2.6,1021.9
WS001,2025-05-06T18:39:21.029599,29.9,62.9,0.36,4.9,1017.8
WS001,2025-05-06T19:39:21.029599,28.7,62.8,0.0,0.6,1019.5
WS001,2025-05-06T20:39:21.029599,29.6,65.8,0.0,1.4,1022.0
WS001,2025-05-06T21:39:21.029599,29.6,77.7,1.46,1.9,1014.5
WS001,2025-05-06T22:39:21.029599,30.5,67.6,0.0,0.7,1010.2
WS001,2025-05-06T23:39:21.029599,28.4,58.0,0.0,2.1,1009.4
WS001,2025-05-07T00:39:21.029599,27.5,55.2,0.0,2.4,1013.7
WS001,2025-05-07T01:39:21.029599,29.3,70.7,0.0,3.0,1010.6
WS001,2025-05-07T02:39:21.029599,26.1,63.2,0.0,6.3,1017.7
WS001,2025-05-07T03:39:21.029599,27.8,64.0,0.0,4.3,1008.7
WS001,2025-05-07T04:39:21.029599,28.1,69.5,0.0,4.9,1006.5
WS001,2025-05-07T05:39:21.029599,30.7,65.3,0.0,0.4,1008.2
WS001,2025-05-07T06:39:21.029599,28.4,64.8,0.0,5.9,1013.6
WS001,2025-05-07T07:39:21.029599,27.5,71.7,0.0,1.7,1007.2
WS001,2025-05-07T08:39:21.029599,31.2,64.9,0.0,4.0,1010.9
WS001,2025-05-07T09:39:21.029599,30.8,63.2,0.0,2.2,1012.4
WS001,2025-05-07T10:39:21.029599,31.1,63.6,0.0,4.2,1009.1
WS001,2025-05-07T11:39:21.029599,30.9,64.0,0.0,5.8,1018.4
WS001,2025-05-07T12:39:21.029599,30.2,65.5,0.0,9.6,1015.5
WS001,2025-05-07T13:39:21.029599,30.0,66.9,0.0,2.7,1010.1
WS001,2025-05-07T14:39:21.029599,31.3,65.2,0.0,10.9,1006.3
WS001,2025-05-07T15:39:21.029599,30.9,64.8,0.0,2.4,1009.3
WS001,2025-05-07T16:39:21.029599,30.1,62.2,0.0,0.7,1009.8
WS001,2025-05-07T17:39:21.029599,30.8,62.6,0.0,3.4,1016.1
WS001,2025-05-07T18:39:21.029599,29.6,71.9,0.0,3.1,1015.3
WS001,2025-05-07T19:39:21.029599,28.6,64.4,0.0,3.0,1015.8
WS001,2025-05-07T20:39:21.029599,30.5,71.6,0.0,2.3,1008.5
WS001,2025-05-07T21:39:21.029599,28.8,65.8,6.32,2.2,1015.2
WS001,2025-05-07T22:39:21.029599,26.6,69.5,0.0,2.2,1011.7
WS001,2025-05-07T23:39:21.029599,28.6,64.5,0.0,9.2,1027.7
WS001,2025-05-08T00:39:21.029599,27.8,74.4,0.0,4.0,1009.0
WS001,2025-05-08T01:39:21.029599,25.6,64.5,0.0,5.1,1006.7
WS001,2025-05-08T02:39:21.029599,28.4,66.3,0.0,1.3,1006.6
WS001,2025-05-08T03:39:21.029599,26.1,64.4,0.0,5.2,1008.6
WS001,2025-05-08T04:39:21.029599,28.5,61.6,0.0,9.1,1006.7
WS001,2025-05-08T05:39:21.029599,29.5,68.7,0.0,5.6,1007.7
WS001,2025-05-08T06:39:21.029599,29.8,67.7,1.13,1.0,1012.2
WS001,2025-05-08T07:39:21.029599,30.5,73.3,0.95,2.5,1016.6
WS001,2025-05-08T08:39:21.029599,30.1,65.6,3.09,3.5,1011.9
WS001,2025-05-08T09:39:21.029599,31.3,63.4,0.0,4.2,1006.2
WS001,2025-05-08T10:39:21.029599,32.1,69.1,0.0,2.0,1009.4
WS001,2025-05-08T11:39:21.029599,31.0,55.8,0.0,3.7,1013.8
WS001,2025-05-08T12:39:21.029599,31.2,53.3,0.0,4.7,1012.6
WS001,2025-05-08T13:39:21.029599,31.2,57.7,0.75,4.4,1017.2
WS001,2025-05-08T14:39:21.029599,32.5,63.6,1.95,2.4,1005.3
WS001,2025-05-08T15:39:21.029599,28.5,64.2,0.0,5.0,1010.6
WS001,2025-05-08T16:39:21.029599,31.6,63.4,1.09,0.7,1006.7
WS001,2025-05-08T17:39:21.029599,30.2,70.1,0.0,2.3,1009.9
WS001,2025-05-08T18:39:21.029599,28.2,70.0,8.66,1.1,1007.2
WS001,2025-05-08T19:39:21.029599,29.5,65.9,0.0,2.1,1004.2
WS001,2025-05-08T20:39:21.029599,28.9,60.2,0.0,3.6,1008.8
WS001,2025-05-08T21:39:21.029599,27.7,57.8,0.0,11.5,1017.6
WS001,2025-05-08T22:39:21.029599,27.9,58.5,0.0,2.2,1018.1
WS001,2025-05-08T23:39:21.029599,26.5,61.2,0.0,2.8,1025.1
WS001,2025-05-09T00:39:21.029599,27.4,67.7,0.0,5.1,1013.5
WS001,2025-05-09T01:39:21.029599,27.2,68.3,0.0,3.6,1010.5
WS001,2025-05-09T02:39:21.029599,27.2,76.1,0.0,6.3,1008.7
WS001,2025-05-09T03:39:21.029599,28.7,61.2,0.15,1.7,1005.6
WS001,2025-05-09T04:39:21.029599,29.3,64.4,0.0,1.1,998.9
WS001,2025-05-09T05:39:21.029599,27.3,73.9,0.0,1.8,1018.9
WS001,2025-05-09T06:39:21.029599,30.7,67.9,0.0,0.4,1017.3
WS001,2025-05-09T07:39:21.029599,29.4,70.4,0.0,3.4,1008.5
WS001,2025-05-09T08:39:21.029599,29.0,72.2,0.0,4.8,1016.6
WS001,2025-05-09T09:39:21.029599,30.4,69.1,0.0,9.3,1015.9
WS001,2025-05-09T10:39:21.029599,32.4,63.7,0.0,3.0,1012.5
WS001,2025-05-09T11:39:21.029599,29.6,69.2,0.0,2.6,1015.5
WS001,2025-05-09T12:39:21.029599,30.9,72.4,6.79,6.3,1016.7
WS001,2025-05-09T13:39:21.029599,30.8,74.1,0.0,3.0,1009.8
WS001,2025-05-09T14:39:21.029599,30.1,65.4,1.9,5.9,1016.6
WS001,2025-05-09T15:39:21.029599,31.4,58.5,2.33,6.5,1013.2
WS001,2025-05-09T16:39:21.029599,30.4,69.1,3.51,3.3,1015.9
WS001,2025-05-09T17:39:21.029599,29.3,69.2,0.0,5.9,1005.6
WS001,2025-05-09T18:39:21.029599,28.4,66.6,0.0,3.0,1009.8
WS001,2025-05-09T19:39:21.029599,29.2,64.5,0.0,5.7,1010.4
WS001,2025-05-09T20:39:21.029599,27.8,67.3,0.0,1.3,1018.2
WS001,2025-05-09T21:39:21.029599,25.0,65.4,0.0,1.1,1018.6
WS001,2025-05-09T22:39:21.029599,27.6,69.6,0.0,6.8,1015.9
WS001,2025-05-09T23:39:21.029599,27.3,64.8,0.0,3.3,1016.4
WS001,2025-05-10T00:39:21.029599,27.0,62.4,1.18,3.3,1017.0
WS001,2025-05-10T01:39:21.029599,27.2,63.8,0.0,10.4,1003.8
WS001,2025-05-10T02:39:21.029599,28.0,78.2,0.0,1.8,1014.3
WS001,2025-05-10T03:39:21.029599,28.4,63.9,0.0,2.6,1011.0
WS001,2025-05-10T04:39:21.029599,29.1,57.9,0.06,3.4,1014.1
WS001,2025-05-10T05:39:21.029599,29.8,75.1,0.0,8.3,1013.6
WS001,2025-05-10T06:39:21.029599,30.5,74.6,0.0,5.0,1009.8
WS001,2025-05-10T07:39:21.029599,28.7,62.4,1.99,1.7,1009.7
WS001,2025-05-10T08:39:21.029599,30.1,61.0,0.0,1.0,1017.9
WS001,2025-05-10T09:39:21.029599,30.0,72.7,0.0,1.8,1010.8
WS001,2025-05-10T10:39:21.029599,30.0,61.8,1.13,1.6,1012.0
WS001,2025-05-10T11:39:21.029599,30.8,66.5,0.0,1.5,1004.2
WS001,2025-05-10T12:39:21.029599,31.9,62.7,0.0,1.9,1009.2
WS001,2025-05-10T13:39:21.029599,32.2,71.6,0.0,5.8,1007.5
WS001,2025-05-10T14:39:21.029599,32.0,58.3,4.41,3.3,1015.3
WS001,2025-05-10T15:39:21.029599,30.4,60.7,1.78,1.7,1005.8
WS001,2025-05-10T16:39:21.029599,29.8,72.8,2.79,2.8,1002.9
WS001,2025-05-10T17:39:21.029599,30.4,73.0,0.0,11.2,1018.1
WS001,2025-05-10T18:39:21.029599,29.3,68.2,0.42,5.3,1011.2
WS001,2025-05-10T19:39:21.029599,30.0,66.2,0.0,4.9,1012.5
WS001,2025-05-10T20:39:21.029599,28.0,59.7,0.09,3.0,1012.4
WS001,2025-05-10T21:39:21.029599,27.7,74.4,0.0,4.8,1016.8
WS001,2025-05-10T22:39:21.029599,28.4,61.4,0.0,0.7,1006.9
WS001,2025-05-10T23:39:21.029599,27.8,65.2,0.0,2.5,1002.5
WS001,2025-05-11T00:39:21.029599,26.7,72.3,0.0,0.9,1004.9
WS001,2025-05-11T01:39:21.029599,26.4,69.0,0.08,5.7,1010.0
WS001,2025-05-11T02:39:21.029599,27.1,64.0,0.0,3.2,1008.2
WS001,2025-05-11T03:39:21.029599,27.4,67.8,0.0,2.2,1020.6
WS001,2025-05-11T04:39:21.029599,28.2,54.4,0.0,2.1,1011.0
WS001,2025-05-11T05:39:21.029599,27.9,71.3,0.0,1.6,1013.8
WS001,2025-05-11T06:39:21.029599,28.6,73.0,0.0,1.9,1010.8
WS001,2025-05-11T07:39:21.029599,31.5,72.9,0.14,0.5,1018.8
WS001,2025-05-11T08:39:21.029599,30.3,64.1,0.0,1.2,1011.7
WS001,2025-05-11T09:39:21.029599,30.3,75.8,0.13,5.9,1023.9
WS001,2025-05-11T10:39:21.029599,29.7,70.6,4.0,1.2,1011.8
WS001,2025-05-11T11:39:21.029599,32.1,65.8,0.0,10.8,1011.0
WS001,2025-05-11T12:39:21.029599,29.3,65.6,0.36,2.2,1020.0
WS001,2025-05-11T13:39:21.029599,29.4,60.5,0.0,6.4,1009.9
WS001,2025-05-11T14:39:21.029599,28.9,64.7,0.0,4.5,1009.7
WS001,2025-05-11T15:39:21.029599,30.6,64.3,0.0,1.9,1005.5
WS001,2025-05-11T16:39:21.029599,30.6,69.7,0.0,2.8,1008.9
WS001,2025-05-11T17:39:21.029599,29.4,72.9,0.0,5.1,1008.6
WS001,2025-05-11T18:39:21.029599,29.2,71.6,0.0,11.9,1002.9
WS001,2025-05-11T19:39:21.029599,29.0,70.7,0.0,2.6,1014.2
WS001,2025-05-11T20:39:21.029599,28.2,64.0,0.0,3.1,1012.3
WS001,2025-05-11T21:39:21.029599,27.5,74.8,0.0,2.0,1014.4
WS001,2025-05-11T22:39:21.029599,28.4,69.7,0.12,2.4,1006.5
WS001,2025-05-11T23:39:21.029599,28.1,70.0,0.0,8.2,1010.6
WS001,2025-05-12T00:39:21.029599,26.7,73.5,0.0,2.4,1010.8
WS001,2025-05-12T01:39:21.029599,28.2,71.6,0.42,3.9,1010.2
WS001,2025-05-12T02:39:21.029599,28.7,58.4,0.0,0.1,1014.4
WS001,2025-05-12T03:39:21.029599,27.4,69.7,0.0,4.3,1011.3
WS001,2025-05-12T04:39:21.029599,30.1,67.1,0.0,11.0,1000.1
WS001,2025-05-12T05:39:21.029599,28.0,60.2,0.0,1.4,1012.0
WS001,2025-05-12T06:39:21.029599,30.1,64.2,0.0,6.1,1011.1
WS001,2025-05-12T07:39:21.029599,29.8,65.7,0.0,3.4,1009.8
WS001,2025-05-12T08:39:21.029599,31.7,62.1,0.0,5.7,1003.8
WS001,2025-05-12T09:39:21.029599,28.5,72.7,0.0,9.7,1012.3
WS001,2025-05-12T10:39:21.029599,32.2,64.1,0.0,1.4,1015.9
WS001,2025-05-12T11:39:21.029599,31.2,67.0,0.0,4.3,1016.7
WS001,2025-05-12T12:39:21.029599,30.9,62.9,0.0,3.9,1016.6
WS001,2025-05-12T13:39:21.029599,31.5,73.1,0.0,2.1,1024.3
WS001,2025-05-12T14:39:21.029599,31.5,75.6,2.15,2.9,1015.7
WS001,2025-05-12T15:39:21.029599,31.3,70.2,0.0,2.5,1012.1
WS001,2025-05-12T16:39:21.029599,30.2,65.9,0.0,3.1,1013.5
WS001,2025-05-12T17:39:21.029599,30.2,71.6,0.59,4.7,1023.5
WS001,2025-05-12T18:39:21.029599,28.2,68.6,1.1,0.3,1017.1
WS001,2025-05-12T19:39:21.029599,27.4,75.9,0.0,6.7,1002.6
WS001,2025-05-12T20:39:21.029599,28.2,75.4,0.0,0.8,1013.4
WS001,2025-05-12T21:39:21.029599,29.0,72.0,0.0,7.0,1018.7
WS001,2025-05-12T22:39:21.029599,27.2,68.2,0.0,3.1,1009.4
WS001,2025-05-12T23:39:21.029599,27.3,70.2,0.0,11.6,1007.2
WS001,2025-05-13T00:39:21.029599,28.3,56.0,0.0,2.9,1018.4
WS001,2025-05-13T01:39:21.029599,26.3,69.0,0.0,13.2,1010.3
WS001,2025-05-13T02:39:21.029599,28.7,70.6,0.0,1.1,1017.5
WS001,2025-05-13T03:39:21.029599,28.6,71.7,0.0,5.5,1021.1
WS001,2025-05-13T04:39:21.029599,28.6,65.8,0.0,0.7,1011.4
WS001,2025-05-13T05:39:21.029599,28.6,69.4,0.0,1.7,1015.8
WS001,2025-05-13T06:39:21.029599,29.1,80.3,0.0,6.4,1014.3
WS001,2025-05-13T07:39:21.029599,29.9,69.6,0.0,3.3,1009.0
WS001,2025-05-13T08:39:21.029599,29.8,63.3,4.18,6.5,1019.2
WS001,2025-05-13T09:39:21.029599,31.2,64.1,0.0,4.8,1019.7
WS001,2025-05-13T10:39:21.029599,31.2,60.7,0.0,4.0,1016.7
WS001,2025-05-13T11:39:21.029599,29.4,64.1,0.0,5.4,1011.4
WS001,2025-05-13T12:39:21.029599,31.3,66.9,0.0,7.6,1011.5
WS001,2025-05-13T13:39:21.029599,32.6,76.3,0.0,3.6,1013.8
WS001,2025-05-13T14:39:21.029599,32.7,71.6,0.0,10.7,1011.7
WS001,2025-05-13T15:39:21.029599,31.5,64.7,0.19,2.2,1010.9
WS001,2025-05-13T16:39:21.029599,29.1,64.3,0.0,5.6,1002.5
WS001,2025-05-13T17:39:21.029599,28.4,62.4,0.0,2.7,1004.3
WS001,2025-05-13T18:39:21.029599,29.0,64.1,0.0,9.0,1019.1
WS001,2025-05-13T19:39:21.029599,29.9,62.1,1.68,2.2,1012.1
WS001,2025-05-13T20:39:21.029599,29.5,71.1,0.0,3.2,1014.3
WS001,2025-05-13T21:39:21.029599,27.3,72.5,0.0,1.7,1009.5
WS001,2025-05-13T22:39:21.029599,27.5,65.2,0.0,4.8,1009.1
WS001,2025-05-13T23:39:21.029599,26.8,75.5,5.15,2.2,1010.8
WS001,2025-05-14T00:39:21.029599,27.6,67.6,0.0,3.0,1011.9
WS001,2025-05-14T01:39:21.029599,28.1,63.8,0.0,7.1,1026.4
WS001,2025-05-14T02:39:21.029599,28.1,64.9,0.0,3.0,1003.9
WS001,2025-05-14T03:39:21.029599,28.7,73.9,0.0,12.3,1013.8
WS001,2025-05-14T04:39:21.029599,28.4,67.0,0.0,11.8,1017.6
WS001,2025-05-14T05:39:21.029599,28.8,67.7,0.0,4.9,1011.6
WS001,2025-05-14T06:39:21.029599,30.3,75.2,2.02,1.4,1008.9
WS001,2025-05-14T07:39:21.029599,29.4,66.8,1.09,2.5,1012.4
WS001,2025-05-14T08:39:21.029599,28.1,67.4,0.0,0.6,1013.0
WS001,2025-05-14T09:39:21.029599,30.2,60.2,0.0,4.3,1011.6
WS001,2025-05-14T10:39:21.029599,31.2,58.0,0.0,7.1,1008.0
WS001,2025-05-14T11:39:21.029599,31.4,71.8,1.17,4.6,1011.3
WS001,2025-05-14T12:39:21.029599,32.0,52.8,1.77,6.8,1009.6
WS001,2025-05-14T13:39:21.029599,31.4,74.3,0.27,2.6,1021.0
WS001,2025-05-14T14:39:21.029599,29.6,64.4,2.06,0.8,1006.7
WS001,2025-05-14T15:39:21.029599,31.2,72.7,0.0,1.1,1012.9
WS001,2025-05-14T16:39:21.029599,29.8,65.0,0.0,2.6,1014.7
WS001,2025-05-14T17:39:21.029599,30.9,66.6,0.0,4.2,1015.7
WS001,2025-05-14T18:39:21.029599,28.8,61.6,0.0,1.0,1010.5
WS001,2025-05-14T19:39:21.029599,28.0,67.1,0.0,2.6,1018.2
WS001,2025-05-14T20:39:21.029599,29.4,63.7,0.84,5.7,1015.2
WS001,2025-05-14T21:39:21.029599,28.0,67.1,1.25,0.9,1019.2
WS001,2025-05-14T22:39:21.029599,27.7,64.9,0.0,2.6,1003.9
WS001,2025-05-14T23:39:21.029599,25.7,64.4,0.0,7.5,1022.0
WS001,2025-05-15T00:39:21.029599,26.8,71.4,0.0,0.9,1011.8
WS001,2025-05-15T01:39:21.029599,25.9,71.7,0.0,2.5,1018.6
WS001,2025-05-15T02:39:21.029599,28.2,69.9,0.0,7.1,1010.9
WS001,2025-05-15T03:39:21.029599,27.9,64.7,3.17,8.4,1010.2
WS001,2025-05-15T04:39:21.029599,27.7,70.2,0.58,6.3,1012.2
WS001,2025-05-15T05:39:21.029599,29.6,78.0,0.0,2.8,1024.1
WS001,2025-05-15T06:39:21.029599,27.7,68.9,0.08,3.0,1004.4
WS001,2025-05-15T07:39:21.029599,29.9,62.0,0.0,8.8,1007.9
WS001,2025-05-15T08:39:21.029599,30.6,70.2,8.4,2.1,1018.2
WS001,2025-05-15T09:39:21.029599,31.1,70.4,0.0,2.1,1017.2
WS001,2025-05-15T10:39:21.029599,30.1,67.1,0.0,5.3,1013.8
WS001,2025-05-15T11:39:21.029599,30.6,72.3,0.0,1.6,1012.5
WS001,2025-05-15T12:39:21.029599,30.1,71.9,0.0,4.4,1009.5
WS001,2025-05-15T13:39:21.029599,31.4,58.8,0.12,1.5,1006.3
WS001,2025-05-15T14:39:21.029599,30.8,70.8,1.94,2.0,1016.8
WS001,2025-05-15T15:39:21.029599,32.0,64.9,0.0,1.9,1012.7
WS001,2025-05-15T16:39:21.029599,30.3,67.6,2.34,3.0,1008.1
WS001,2025-05-15T17:39:21.029599,31.4,75.6,0.0,2.3,1023.5
WS001,2025-05-15T18:39:21.029599,29.9,62.2,0.0,0.3,1013.0
WS001,2025-05-15T19:39:21.029599,29.1,65.0,0.0,1.5,1017.3
WS001,2025-05-15T20:39:21.029599,28.5,69.8,0.0,0.5,1009.1
WS001,2025-05-15T21:39:21.029599,28.9,71.2,0.0,10.3,1014.3
WS001,2025-05-15T22:39:21.029599,27.7,67.3,3.32,2.3,1014.1
WS001,2025-05-15T23:39:21.029599,28.2,64.2,0.0,4.7,1015.9
WS001,2025-05-16T00:39:21.029599,26.7,62.0,0.0,3.1,1013.5
WS001,2025-05-16T01:39:21.029599,27.7,69.4,0.0,7.5,1016.7
WS001,2025-05-16T02:39:21.029599,27.1,63.4,0.0,2.7,1016.4
WS001,2025-05-16T03:39:21.029599,26.2,67.9,0.0,1.1,1016.2
WS001,2025-05-16T04:39:21.029599,29.7,62.6,1.79,1.7,1010.3
WS001,2025-05-16T05:39:21.029599,28.9,74.1,0.0,4.5,1012.3
WS001,2025-05-16T06:39:21.029599,30.9,69.2,0.37,2.0,1007.6
WS001,2025-05-16T07:39:21.029599,30.3,65.5,0.0,2.0,1018.2
WS001,2025-05-16T08:39:21.029599,30.2,75.3,1.12,4.4,1015.8
WS001,2025-05-16T09:39:21.029599,30.1,70.8,0.0,3.0,1007.9
WS001,2025-05-16T10:39:21.029599,29.8,71.7,0.0,7.4,1014.4
WS001,2025-05-16T11:39:21.029599,32.9,69.0,0.0,3.0,1011.8
WS001,2025-05-16T12:39:21.029599,29.4,64.8,0.0,4.1,1010.5
WS001,2025-05-16T13:39:21.029599,32.4,76.0,0.0,8.2,1012.4
WS001,2025-05-16T14:39:21.029599,31.3,66.4,0.0,2.3,1005.4
WS001,2025-05-16T15:39:21.029599,29.2,62.0,0.0,2.4,1017.4
WS001,2025-05-16T16:39:21.029599,30.3,67.1,0.0,0.8,1012.5
WS001,2025-05-16T17:39:21.029599,29.8,68.6,0.0,3.1,1020.7
WS001,2025-05-16T18:39:21.029599,29.0,64.8,0.0,4.4,1012.7
WS001,2025-05-16T19:39:21.029599,27.6,76.6,0.74,2.9,1006.7
WS001,2025-05-16T20:39:21.029599,28.9,60.2,0.0,3.7,1015.9
WS001,2025-05-16T21:39:21.029599,27.2,68.8,0.0,1.9,1012.8
WS001,2025-05-16T22:39:21.029599,27.7,59.5,0.0,4.7,1009.8
WS001,2025-05-16T23:39:21.029599,27.6,59.9,0.0,8.1,1013.1
WS001,2025-05-17T00:39:21.029599,27.9,69.5,0.0,2.5,1010.3
WS001,2025-05-17T01:39:21.029599,27.1,66.5,0.0,2.2,1012.7
WS001,2025-05-17T02:39:21.029599,26.6,67.3,0.0,0.9,1019.2
WS001,2025-05-17T03:39:21.029599,27.5,65.8,0.0,7.7,1010.3
WS001,2025-05-17T04:39:21.029599,30.7,58.1,0.0,3.4,1008.4
WS001,2025-05-17T05:39:21.029599,29.7,66.4,0.0,3.8,1020.2
WS001,2025-05-17T06:39:21.029599,28.9,68.8,0.0,1.6,1009.9
WS001,2025-05-17T07:39:21.029599,29.5,61.1,0.0,2.4,1014.8
WS001,2025-05-17T08:39:21.029599,29.0,63.4,0.0,9.2,1013.3
WS001,2025-05-17T09:39:21.029599,30.1,78.8,0.0,5.4,1015.8
WS001,2025-05-17T10:39:21.029599,31.5,63.3,0.0,3.2,1012.2
WS001,2025-05-17T11:39:21.029599,30.3,71.6,0.0,2.6,1013.6
WS001,2025-05-17T12:39:21.029599,30.7,55.6,3.01,8.1,1011.1
WS001,2025-05-17T13:39:21.029599,31.2,62.8,1.48,4.3,1017.5
WS001,2025-05-17T14:39:21.029599,31.6,69.7,0.0,6.8,1013.8
WS001,2025-05-17T15:39:21.029599,31.2,71.2,0.0,3.8,1009.3
WS001,2025-05-17T16:39:21.029599,30.0,67.8,0.0,4.8,1004.1
WS001,2025-05-17T17:39:21.029599,28.7,66.0,0.0,4.7,1010.3
WS001,2025-05-17T18:39:21.029599,27.3,58.4,1.08,4.6,1010.7
WS001,2025-05-17T19:39:21.029599,28.3,73.5,0.0,5.8,1013.6
WS001,2025-05-17T20:39:21.029599,27.0,68.2,0.0,3.4,1007.6
WS001,2025-05-17T21:39:21.029599,26.5,69.7,0.0,1.9,1015.4
WS001,2025-05-17T22:39:21.029599,28.5,74.2,1.93,6.4,1007.2
WS001,2025-05-17T23:39:21.029599,26.6,73.8,0.0,4.0,1004.5
WS001,2025-05-18T00:39:21.029599,25.7,67.4,0.0,8.4,1013.9
WS001,2025-05-18T01:39:21.029599,26.3,77.4,0.76,8.6,1015.2
WS001,2025-05-18T02:39:21.029599,27.4,76.1,0.0,1.3,1018.7
WS001,2025-05-18T03:39:21.029599,27.2,62.0,1.66,3.2,1016.1
WS001,2025-05-18T04:39:21.029599,28.0,67.7,0.0,2.9,1004.6
WS001,2025-05-18T05:39:21.029599,27.8,58.5,0.0,0.5,1008.5
WS001,2025-05-18T06:39:21.029599,29.9,73.1,0.0,6.2,1018.7
WS001,2025-05-18T07:39:21.029599,31.0,70.9,2.33,5.7,1013.0
WS001,2025-05-18T08:39:21.029599,31.0,74.2,1.69,4.1,1014.8
WS001,2025-05-18T09:39:21.029599,26.3,78.1,0.0,1.7,1012.7
WS001,2025-05-18T10:39:21.029599,30.4,73.9,0.0,1.8,1024.5
WS001,2025-05-18T11:39:21.029599,31.6,61.3,6.86,2.6,1006.4
WS001,2025-05-18T12:39:21.029599,31.4,48.7,0.0,1.8,1009.5
WS001,2025-05-18T13:39:21.029599,31.1,68.0,0.0,5.0,1008.3
WS001,2025-05-18T14:39:21.029599,30.3,71.2,7.31,7.8,1010.8
WS001,2025-05-18T15:39:21.029599,30.7,60.0,0.0,6.0,1018.9
WS001,2025-05-18T16:39:21.029599,29.8,64.1,0.0,1.7,1014.2
WS001,2025-05-18T17:39:21.029599,29.4,70.4,0.22,0.8,1022.4
WS001,2025-05-18T18:39:21.029599,27.2,66.9,0.42,0.8,1016.6
WS001,2025-05-18T19:39:21.029599,31.3,72.9,0.0,1.3,1018.2
WS001,2025-05-18T20:39:21.029599,25.7,82.2,0.0,3.3,1016.3
WS001,2025-05-18T21:39:21.029599,27.6,61.7,0.0,5.0,1001.8
WS001,2025-05-18T22:39:21.029599,28.5,60.1,0.0,5.4,1002.5
WS001,2025-05-18T23:39:21.029599,26.9,64.3,0.0,1.1,1018.1
WS001,2025-05-19T00:39:21.029599,24.2,67.5,0.0,2.7,1015.1
WS001,2025-05-19T01:39:21.029599,27.3,58.0,0.0,1.8,1008.1
WS001,2025-05-19T02:39:21.029599,27.2,66.7,0.0,3.2,1015.3
WS001,2025-05-19T03:39:21.029599,26.3,56.5,0.0,5.0,1007.6
WS001,2025-05-19T04:39:21.029599,29.5,68.6,0.0,9.1,1015.3
WS001,2025-05-19T05:39:21.029599,28.4,61.8,0.0,2.6,1013.9
WS001,2025-05-19T06:39:21.029599,27.3,61.8,0.0,4.6,1008.6
WS001,2025-05-19T07:39:21.029599,30.9,62.7,3.62,0.3,1009.9
WS001,2025-05-19T08:39:21.029599,29.8,66.5,2.17,9.6,1004.9
WS001,2025-05-19T09:39:21.029599,29.2,75.5,2.24,6.5,1002.4
WS001,2025-05-19T10:39:21.029599,31.7,71.2,3.22,0.9,1015.4
WS001,2025-05-19T11:39:21.029599,30.3,69.8,1.64,2.5,1013.9
WS001,2025-05-19T12:39:21.029599,29.1,66.5,1.17,0.3,1008.5
WS001,2025-05-19T13:39:21.029599,31.7,58.7,0.0,1.7,1016.6
WS001,2025-05-19T14:39:21.029599,30.7,68.5,3.33,6.5,1020.4
WS001,2025-05-19T15:39:21.029599,30.1,64.0,0.0,6.7,1014.9
WS001,2025-05-19T16:39:21.029599,31.0,75.9,2.56,1.7,1013.9
WS001,2025-05-19T17:39:21.029599,28.6,73.0,0.0,5.7,1009.8
WS001,2025-05-19T18:39:21.029599,29.0,62.5,0.0,2.5,1010.2
WS001,2025-05-19T19:39:21.029599,29.0,58.3,0.0,4.0,1004.8
WS001,2025-05-19T20:39:21.029599,28.4,67.7,0.0,3.9,1015.5
WS001,2025-05-19T21:39:21.029599,28.6,67.9,0.0,8.0,1015.5
WS001,2025-05-19T22:39:21.029599,28.5,58.9,0.0,5.9,1021.5
WS001,2025-05-19T23:39:21.029599,25.6,68.7,0.0,3.8,1008.1
WS001,2025-05-20T00:39:21.029599,27.0,63.2,0.47,5.6,1001.0
WS001,2025-05-20T01:39:21.029599,25.6,71.8,0.0,1.9,1022.0
WS001,2025-05-20T02:39:21.029599,28.8,73.4,0.0,7.9,1006.4
WS001,2025-05-20T03:39:21.029599,28.5,70.8,3.43,2.3,1010.4
WS001,2025-05-20T04:39:21.029599,29.1,65.7,0.0,3.7,1014.4
WS001,2025-05-20T05:39:21.029599,29.5,64.5,0.0,2.8,1015.4
WS001,2025-05-20T06:39:21.029599,29.9,68.2,0.0,5.3,1014.4
WS001,2025-05-20T07:39:21.029599,28.4,64.7,0.16,0.4,1011.1
WS001,2025-05-20T08:39:21.029599,29.9,78.6,0.0,3.5,1013.4
WS001,2025-05-20T09:39:21.029599,29.4,72.6,0.0,2.3,1015.8
WS001,2025-05-20T10:39:21.029599,29.7,67.7,0.1,6.6,1021.1
WS001,2025-05-20T11:39:21.029599,30.6,66.3,1.3,5.1,1006.8
WS001,2025-05-20T12:39:21.029599,32.2,72.7,1.93,1.3,1019.1
WS001,2025-05-20T13:39:21.029599,30.7,63.2,0.0,2.2,1020.8
WS001,2025-05-20T14:39:21.029599,29.9,76.3,0.41,9.5,1014.8
WS001,2025-05-20T15:39:21.029599,30.7,61.7,0.0,1.9,1015.4
WS001,2025-05-20T16:39:21.029599,28.9,67.0,0.0,2.0,1009.0
WS001,2025-05-20T17:39:21.029599,29.1,71.5,0.0,1.3,1021.3
WS001,2025-05-20T18:39:21.029599,27.4,76.7,0.41,3.2,1016.0
WS001,2025-05-20T19:39:21.029599,27.0,58.4,0.0,3.6,1007.4
WS001,2025-05-20T20:39:21.029599,27.8,68.3,0.0,2.1,997.6
WS001,2025-05-20T21:39:21.029599,28.1,72.8,0.49,2.6,1016.1
WS001,2025-05-20T22:39:21.029599,25.2,79.7,0.0,1.3,1006.2
WS001,2025-05-20T23:39:21.029599,28.4,73.5,0.0,1.3,1006.8
WS001,2025-05-21T00:39:21.029599,26.4,62.8,0.0,5.6,1011.4
WS001,2025-05-21T01:39:21.029599,29.2,68.3,0.0,2.9,1014.5
WS001,2025-05-21T02:39:21.029599,27.5,70.4,0.0,2.3,1009.6
WS001,2025-05-21T03:39:21.029599,29.0,75.9,0.0,4.6,1023.0
WS001,2025-05-21T04:39:21.029599,26.2,67.6,0.0,5.6,1003.4
WS001,2025-05-21T05:39:21.029599,28.2,68.0,0.0,1.7,1017.5
WS001,2025-05-21T06:39:21.029599,28.9,61.8,0.0,8.8,1010.4
WS001,2025-05-21T07:39:21.029599,29.4,65.3,0.0,4.7,1021.0
WS001,2025-05-21T08:39:21.029599,27.2,66.6,0.85,2.7,1002.8
WS001,2025-05-21T09:39:21.029599,30.6,66.9,1.96,1.8,1017.0
WS001,2025-05-21T10:39:21.029599,29.2,72.8,0.32,0.6,1017.8
WS001,2025-05-21T11:39:21.029599,30.8,59.4,0.0,5.0,1023.0
WS001,2025-05-21T12:39:21.029599,31.9,69.0,7.78,0.7,1011.5
WS001,2025-05-21T13:39:21.029599,31.2,72.2,5.34,2.4,1010.5
WS001,2025-05-21T14:39:21.029599,30.5,69.1,0.0,5.1,1021.2
WS001,2025-05-21T15:39:21.029599,29.2,67.7,0.0,0.6,1008.7
WS001,2025-05-21T16:39:21.029599,31.0,74.2,0.0,4.0,1021.1
WS001,2025-05-21T17:39:21.029599,29.1,65.5,0.08,4.7,1009.6
WS001,2025-05-21T18:39:21.029599,29.9,70.0,0.0,4.9,1011.4
WS001,2025-05-21T19:39:21.029599,27.1,68.7,0.0,2.5,1014.7
WS001,2025-05-21T20:39:21.029599,28.2,69.7,0.0,2.9,1014.1
WS001,2025-05-21T21:39:21.029599,28.2,57.8,0.0,4.4,1014.7
WS001,2025-05-21T22:39:21.029599,27.3,56.0,0.0,2.5,1016.2
WS001,2025-05-21T23:39:21.029599,26.4,79.8,0.0,5.4,1017.9
WS001,2025-05-22T00:39:21.029599,25.8,75.8,0.0,2.3,1018.9
WS001,2025-05-22T01:39:21.029599,28.1,60.0,0.0,2.9,1016.9
WS001,2025-05-22T02:39:21.029599,27.1,57.0,0.0,2.9,1018.1
WS001,2025-05-22T03:39:21.029599,26.8,71.4,0.0,2.7,1019.6
WS001,2025-05-22T04:39:21.029599,29.0,75.1,0.0,5.8,1011.6
WS001,2025-05-22T05:39:21.029599,28.1,67.8,0.0,6.2,1013.6
WS001,2025-05-22T06:39:21.029599,28.0,65.2,4.0,8.8,1011.5
WS001,2025-05-22T07:39:21.029599,29.8,69.5,1.05,2.0,1016.6
WS001,2025-05-22T08:39:21.029599,29.3,65.3,0.78,2.1,1011.8
WS001,2025-05-22T09:39:21.029599,29.9,67.8,0.0,2.1,1012.9
WS001,2025-05-22T10:39:21.029599,30.7,74.6,0.0,7.4,1007.5
WS001,2025-05-22T11:39:21.029599,29.9,62.8,0.0,1.8,1013.7
WS001,2025-05-22T12:39:21.029599,32.7,81.9,6.92,7.2,1010.9
WS001,2025-05-22T13:39:21.029599,30.3,70.1,0.0,2.8,1010.5
WS001,2025-05-22T14:39:21.029599,32.2,68.3,0.0,2.5,1022.8
WS001,2025-05-22T15:39:21.029599,29.7,71.3,4.06,2.0,1010.7
WS001,2025-05-22T16:39:21.029599,28.1,75.2,0.0,7.5,1019.2
WS001,2025-05-22T17:39:21.029599,28.8,72.1,0.0,8.7,1014.9
WS001,2025-05-22T18:39:21.029599,29.4,76.4,0.0,5.5,1015.8
WS001,2025-05-22T19:39:21.029599,27.8,69.4,0.0,2.8,1018.5
WS001,2025-05-22T20:39:21.029599,28.8,71.0,0.0,0.6,1015.7
WS001,2025-05-22T21:39:21.029599,27.5,69.6,0.0,1.6,1000.5
WS001,2025-05-22T22:39:21.029599,27.2,71.3,0.0,6.5,1011.3
WS001,2025-05-22T23:39:21.029599,27.9,67.7,0.0,2.2,1008.5
WS001,2025-05-23T00:39:21.029599,26.4,68.7,0.0,1.2,1012.1
WS001,2025-05-23T01:39:21.029599,28.4,80.6,0.0,2.2,1022.5
WS001,2025-05-23T02:39:21.029599,26.0,67.9,0.0,2.3,1024.7
WS001,2025-05-23T03:39:21.029599,25.3,66.2,0.0,1.7,1013.8
WS001,2025-05-23T04:39:21.029599,29.0,75.4,0.0,5.5,1014.3
WS001,2025-05-23T05:39:21.029599,27.1,65.1,0.0,4.5,1007.7
WS001,2025-05-23T06:39:21.029599,29.3,57.5,0.0,2.7,1009.8
WS001,2025-05-23T07:39:21.029599,28.4,69.0,0.0,1.4,1009.7
WS001,2025-05-23T08:39:21.029599,30.8,67.7,0.0,1.2,1015.5
WS001,2025-05-23T09:39:21.029599,30.0,69.0,0.0,0.5,1017.3
WS001,2025-05-23T10:39:21.029599,30.3,68.4,0.0,5.3,1004.9
WS001,2025-05-23T11:39:21.029599,31.3,70.0,1.93,5.0,1017.1
WS001,2025-05-23T12:39:21.029599,32.1,67.9,5.81,7.5,1009.1
WS001,2025-05-23T13:39:21.029599,31.3,64.6,2.08,5.6,1022.7
WS001,2025-05-23T14:39:21.029599,30.2,70.4,0.0,5.5,1006.5
WS001,2025-05-23T15:39:21.029599,29.6,73.3,0.0,3.2,1017.9
WS001,2025-05-23T16:39:21.029599,29.2,70.4,0.0,6.5,1015.3
WS001,2025-05-23T17:39:21.029599,29.7,69.0,2.87,3.3,1015.3
WS001,2025-05-23T18:39:21.029599,29.8,70.2,0.0,0.2,1012.9
WS001,2025-05-23T19:39:21.029599,29.3,61.5,1.74,7.1,1022.4
WS001,2025-05-23T20:39:21.029599,29.6,73.9,0.0,4.4,1012.5
WS001,2025-05-23T21:39:21.029599,26.4,60.8,0.0,7.8,1005.1
WS001,2025-05-23T22:39:21.029599,27.0,65.0,0.0,6.7,1014.0
WS001,2025-05-23T23:39:21.029599,26.8,63.2,0.0,0.4,1010.9
WS001,2025-05-24T00:39:21.029599,27.7,66.0,0.0,3.9,1008.2
WS001,2025-05-24T01:39:21.029599,27.3,75.0,0.0,4.5,1028.6
WS001,2025-05-24T02:39:21.029599,27.9,75.0,0.0,10.4,1004.9
WS001,2025-05-24T03:39:21.029599,29.1,71.6,0.0,5.0,1009.2
WS001,2025-05-24T04:39:21.029599,27.3,72.9,0.0,6.3,1019.4
WS001,2025-05-24T05:39:21.029599,27.6,70.1,0.0,3.3,1010.2
WS001,2025-05-24T06:39:21.029599,27.7,75.2,0.0,6.1,1005.5
WS001,2025-05-24T07:39:21.029599,29.4,69.6,4.25,2.1,1012.4
WS001,2025-05-24T08:39:21.029599,29.2,63.6,0.87,8.4,1021.8
WS001,2025-05-24T09:39:21.029599,28.9,63.8,0.0,1.7,1021.9
WS001,2025-05-24T10:39:21.029599,30.5,78.5,4.87,0.1,1014.2
WS001,2025-05-24T11:39:21.029599,29.4,67.2,0.36,3.3,1016.3
WS001,2025-05-24T12:39:21.029599,31.7,76.3,0.0,8.5,1018.6
WS001,2025-05-24T13:39:21.029599,32.2,59.5,0.0,1.9,1020.2
WS001,2025-05-24T14:39:21.029599,30.3,69.0,0.0,4.7,1017.3
WS001,2025-05-24T15:39:21.029599,30.0,66.1,0.0,3.2,1011.1
WS001,2025-05-24T16:39:21.029599,29.7,63.4,0.68,4.3,1008.7
WS001,2025-05-24T17:39:21.029599,30.3,71.4,6.38,3.9,1017.0
WS001,2025-05-24T18:39:21.029599,31.5,60.1,0.0,9.1,1013.9
WS001,2025-05-24T19:39:21.029599,27.9,67.3,0.0,2.5,1015.4
WS001,2025-05-24T20:39:21.029599,27.5,68.4,0.0,5.7,1016.1
WS001,2025-05-24T21:39:21.029599,26.5,64.7,0.0,10.4,1013.0
WS001,2025-05-24T22:39:21.029599,26.4,62.3,0.0,13.4,1015.1
WS001,2025-05-24T23:39:21.029599,26.5,69.7,6.56,5.7,1021.0
WS001,2025-05-25T00:39:21.029599,27.5,73.7,4.2,5.2,1010.6
WS001,2025-05-25T01:39:21.029599,26.8,70.4,0.0,9.3,1017.7
WS001,2025-05-25T02:39:21.029599,26.8,75.7,0.65,1.9,1014.8
WS001,2025-05-25T03:39:21.029599,27.6,61.7,0.0,7.7,1019.0
WS001,2025-05-25T04:39:21.029599,27.6,66.9,2.42,2.7,1015.9
WS001,2025-05-25T05:39:21.029599,27.2,65.5,0.0,2.0,1006.3
WS001,2025-05-25T06:39:21.029599,28.8,63.3,0.0,0.4,1011.6
WS001,2025-05-25T07:39:21.029599,30.3,61.9,0.0,7.9,1007.3
WS001,2025-05-25T08:39:21.029599,29.1,62.9,0.0,4.6,1014.8
WS001,2025-05-25T09:39:21.029599,30.4,76.3,0.0,2.6,1007.8
WS001,2025-05-25T10:39:21.029599,27.7,66.5,0.0,5.5,1012.3
WS001,2025-05-25T11:39:21.029599,30.5,71.3,0.01,1.5,1014.1
WS001,2025-05-25T12:39:21.029599,32.1,59.0,0.0,5.4,1018.9
WS001,2025-05-25T13:39:21.029599,31.6,76.8,0.0,8.5,1017.5
WS001,2025-05-25T14:39:21.029599,29.8,72.2,4.97,1.6,1007.9
WS001,2025-05-25T15:39:21.029599,30.5,73.0,0.0,7.2,1015.7
WS001,2025-05-25T16:39:21.029599,30.9,60.3,0.0,3.0,1012.8
WS001,2025-05-25T17:39:21.029599,31.0,70.4,0.0,0.9,1013.8
WS001,2025-05-25T18:39:21.029599,30.6,70.9,0.0,2.9,1013.8
WS001,2025-05-25T19:39:21.029599,25.9,64.7,0.0,4.0,1015.1
WS001,2025-05-25T20:39:21.029599,28.3,65.4,0.0,4.0,1015.5
WS001,2025-05-25T21:39:21.029599,28.0,68.0,0.0,15.2,1012.6
WS001,2025-05-25T22:39:21.029599,28.0,72.9,0.82,2.9,1009.2
WS001,2025-05-25T23:39:21.029599,26.6,61.1,0.0,3.1,1014.6
WS001,2025-05-26T00:39:21.029599,27.7,68.8,0.0,1.1,1012.2
WS001,2025-05-26T01:39:21.029599,29.0,63.2,2.3,5.2,1024.1
WS001,2025-05-26T02:39:21.029599,26.8,75.2,0.0,3.7,1012.0
WS001,2025-05-26T03:39:21.029599,27.9,77.7,0.0,6.2,1011.2
WS001,2025-05-26T04:39:21.029599,28.4,82.5,0.0,9.1,1008.6
WS001,2025-05-26T05:39:21.029599,28.4,62.7,0.0,4.4,1025.3
WS001,2025-05-26T06:39:21.029599,28.6,70.5,0.0,0.3,1016.4
WS001,2025-05-26T07:39:21.029599,28.7,63.6,0.0,1.7,1012.1
WS001,2025-05-26T08:39:21.029599,28.2,67.2,0.0,0.7,1013.4
WS001,2025-05-26T09:39:21.029599,32.1,65.5,0.0,6.9,1017.3
WS001,2025-05-26T10:39:21.029599,30.7,78.3,0.7,2.6,1008.9
WS001,2025-05-26T11:39:21.029599,30.2,74.0,0.98,3.4,1007.4
WS001,2025-05-26T12:39:21.029599,32.0,77.7,0.0,6.4,1004.7
WS001,2025-05-26T13:39:21.029599,29.0,76.5,1.43,0.7,1008.3
WS001,2025-05-26T14:39:21.029599,30.3,63.1,3.1,3.9,1004.8
WS001,2025-05-26T15:39:21.029599,30.2,67.7,0.0,4.0,1017.3
WS001,2025-05-26T16:39:21.029599,30.3,62.3,0.43,7.8,1023.3
WS001,2025-05-26T17:39:21.029599,29.1,65.7,1.1,16.3,1013.3
WS001,2025-05-26T18:39:21.029599,28.1,64.1,0.0,6.5,1004.3
WS001,2025-05-26T19:39:21.029599,27.6,63.7,0.0,8.4,1025.6
WS001,2025-05-26T20:39:21.029599,28.5,69.4,1.84,2.1,1008.8
WS001,2025-05-26T21:39:21.029599,27.7,72.3,0.0,0.3,1010.7
WS001,2025-05-26T22:39:21.029599,27.9,67.8,0.0,3.8,1015.1
WS001,2025-05-26T23:39:21.029599,27.2,74.7,0.0,0.9,1013.4
WS001,2025-05-27T00:39:21.029599,24.5,68.6,1.01,7.2,1009.1
WS001,2025-05-27T01:39:21.029599,26.1,65.3,0.0,3.5,1022.9
WS001,2025-05-27T02:39:21.029599,28.6,71.6,0.0,1.3,1010.3
WS001,2025-05-27T03:39:21.029599,26.8,68.1,0.0,0.7,1014.4
WS001,2025-05-27T04:39:21.029599,27.3,66.6,0.0,0.7,1013.6
WS001,2025-05-27T05:39:21.029599,28.1,62.3,0.0,2.5,1014.1
WS001,2025-05-27T06:39:21.029599,28.7,59.0,0.09,1.0,1012.4
WS001,2025-05-27T07:39:21.029599,30.0,72.4,0.0,1.0,1010.3
WS001,2025-05-27T08:39:21.029599,29.3,78.0,1.38,2.6,1013.6
WS001,2025-05-27T09:39:21.029599,30.7,68.8,0.89,2.3,1002.3
WS001,2025-05-27T10:39:21.029599,30.6,71.3,0.0,2.2,1011.8
WS001,2025-05-27T11:39:21.029599,31.5,67.8,0.0,0.2,1007.1
WS001,2025-05-27T12:39:21.029599,31.0,66.1,0.0,1.0,1013.6
WS001,2025-05-27T13:39:21.029599,30.5,74.8,0.0,3.0,1009.9
WS001,2025-05-27T14:39:21.029599,30.4,77.2,0.0,3.5,1006.5
WS001,2025-05-27T15:39:21.029599,31.1,65.1,0.0,0.4,1009.0
WS001,2025-05-27T16:39:21.029599,30.2,73.9,0.24,5.6,1024.5
WS001,2025-05-27T17:39:21.029599,27.7,68.9,0.49,16.9,1015.3
WS001,2025-05-27T18:39:21.029599,29.2,73.2,0.0,2.7,1003.0
WS001,2025-05-27T19:39:21.029599,28.0,68.5,0.0,5.9,1008.2
WS001,2025-05-27T20:39:21.029599,28.8,61.4,1.29,5.1,1005.5
WS001,2025-05-27T21:39:21.029599,27.2,68.6,0.0,8.1,1020.0
WS001,2025-05-27T22:39:21.029599,26.5,61.0,0.0,1.6,1007.1
WS001,2025-05-27T23:39:21.029599,27.7,78.9,0.0,2.0,1009.4
WS001,2025-05-28T00:39:21.029599,25.7,70.5,0.0,1.5,1014.8
WS002,2025-04-28T01:39:21.092098,27.7,65.0,0.0,0.6,1014.6
WS002,2025-04-28T02:39:21.092098,28.9,68.8,0.0,1.2,1013.4
WS002,2025-04-28T03:39:21.092098,28.5,62.1,2.24,4.6,1014.4
WS002,2025-04-28T04:39:21.092098,29.0,60.7,0.0,3.3,1011.0
WS002,2025-04-28T05:39:21.092098,29.0,63.3,0.0,5.0,1012.9
WS002,2025-04-28T06:39:21.092098,28.5,63.1,1.84,2.7,1008.0
WS002,2025-04-28T07:39:21.092098,31.5,65.2,0.0,4.6,1015.0
WS002,2025-04-28T08:39:21.092098,29.9,67.0,0.0,2.3,1014.8
WS002,2025-04-28T09:39:21.092098,30.3,62.0,0.0,4.2,1017.2
WS002,2025-04-28T10:39:21.092098,32.4,64.5,0.0,2.8,1015.2
WS002,2025-04-28T11:39:21.092098,33.6,62.8,0.0,1.9,1012.9
WS002,2025-04-28T12:39:21.092098,30.7,65.3,0.0,1.1,1011.7
WS002,2025-04-28T13:39:21.092098,29.8,65.5,0.0,5.4,1008.6
WS002,2025-04-28T14:39:21.092098,32.0,60.7,0.0,1.5,1015.6
WS002,2025-04-28T15:39:21.092098,31.2,61.2,0.0,3.4,1010.4
WS002,2025-04-28T16:39:21.092098,29.6,64.2,0.0,0.6,1012.5
WS002,2025-04-28T17:39:21.092098,30.8,69.1,0.0,3.3,1013.7
WS002,2025-04-28T18:39:21.092098,28.6,64.1,0.0,3.3,1016.6
WS002,2025-04-28T19:39:21.092098,28.2,68.0,1.49,4.2,1010.8
WS002,2025-04-28T20:39:21.092098,28.2,69.5,1.15,3.8,1005.0
WS002,2025-04-28T21:39:21.092098,29.4,64.4,0.0,1.6,1010.0
WS002,2025-04-28T22:39:21.092098,26.7,68.9,0.0,3.9,1005.5
WS002,2025-04-28T23:39:21.092098,26.7,70.3,0.0,5.7,1009.6
WS002,2025-04-29T00:39:21.092098,26.6,66.6,0.0,1.0,1025.1
WS002,2025-04-29T01:39:21.092098,27.4,64.7,0.0,2.1,1016.6
WS002,2025-04-29T02:39:21.092098,30.1,71.6,0.0,3.9,1013.5
WS002,2025-04-29T03:39:21.092098,28.5,62.3,0.0,2.1,1014.1
WS002,2025-04-29T04:39:21.092098,30.8,64.0,0.0,1.9,1009.8
WS002,2025-04-29T05:39:21.092098,28.9,73.1,0.0,0.4,1013.8
WS002,2025-04-29T06:39:21.092098,29.4,62.6,2.14,2.6,1002.2
WS002,2025-04-29T07:39:21.092098,31.8,60.7,0.0,3.8,1014.0
WS002,2025-04-29T08:39:21.092098,31.1,63.6,0.0,4.3,1010.6
WS002,2025-04-29T09:39:21.092098,32.8,63.7,0.0,8.8,1014.0
WS002,2025-04-29T10:39:21.092098,31.6,76.6,3.86,5.0,1013.7
WS002,2025-04-29T11:39:21.092098,32.8,67.4,0.0,6.8,1007.0
WS002,2025-04-29T12:39:21.092098,30.3,60.1,0.0,7.2,1010.1
WS002,2025-04-29T13:39:21.092098,31.2,63.3,2.54,4.7,1017.6
WS002,2025-04-29T14:39:21.092098,31.2,64.4,0.0,10.9,1000.6
WS002,2025-04-29T15:39:21.092098,32.2,68.8,5.32,0.5,1008.6
WS002,2025-04-29T16:39:21.092098,28.7,67.3,0.0,1.0,1013.9
WS002,2025-04-29T17:39:21.092098,29.4,66.5,0.0,5.7,1012.0
WS002,2025-04-29T18:39:21.092098,30.3,59.5,0.0,2.4,1017.8
WS002,2025-04-29T19:39:21.092098,28.8,73.6,0.0,2.6,1002.9
WS002,2025-04-29T20:39:21.092098,30.6,69.4,0.0,3.7,1010.1
WS002,2025-04-29T21:39:21.092098,27.1,66.9,0.0,1.9,1009.1
WS002,2025-04-29T22:39:21.092098,28.9,63.4,0.0,2.1,1012.1
WS002,2025-04-29T23:39:21.092098,26.1,67.2,0.0,2.2,1001.1
WS002,2025-04-30T00:39:21.092098,27.4,65.4,0.0,2.0,1007.9
WS002,2025-04-30T01:39:21.092098,28.1,70.6,0.0,3.3,1007.6
WS002,2025-04-30T02:39:21.092098,27.2,74.1,0.0,3.1,1010.0
WS002,2025-04-30T03:39:21.092098,29.0,59.9,0.0,5.3,1002.5
WS002,2025-04-30T04:39:21.092098,29.0,62.0,0.0,8.0,1018.8
WS002,2025-04-30T05:39:21.092098,29.7,69.9,0.0,1.9,1009.4
WS002,2025-04-30T06:39:21.092098,29.6,67.4,0.0,3.9,1023.3
WS002,2025-04-30T07:39:21.092098,31.7,67.2,0.12,6.3,1011.9
WS002,2025-04-30T08:39:21.092098,29.0,65.9,0.0,1.6,1014.2
WS002,2025-04-30T09:39:21.092098,29.6,58.2,0.0,3.8,1009.3
WS002,2025-04-30T10:39:21.092098,33.0,71.3,5.03,1.3,1012.1
WS002,2025-04-30T11:39:21.092098,30.2,69.1,1.9,1.0,1015.5
WS002,2025-04-30T12:39:21.092098,30.8,67.1,0.0,5.2,1016.0
WS002,2025-04-30T13:39:21.092098,32.2,64.2,0.0,3.2,1009.6
WS002,2025-04-30T14:39:21.092098,32.1,72.5,0.0,6.3,1016.1
WS002,2025-04-30T15:39:21.092098,31.9,63.0,0.0,1.3,1024.4
WS002,2025-04-30T16:39:21.092098,30.1,67.6,0.0,3.7,1023.1
WS002,2025-04-30T17:39:21.092098,28.7,61.5,0.0,1.4,1010.9
WS002,2025-04-30T18:39:21.092098,30.8,64.5,0.0,3.9,1011.0
WS002,2025-04-30T19:39:21.092098,29.2,63.7,0.0,3.8,1020.4
WS002,2025-04-30T20:39:21.092098,28.9,52.3,0.0,1.0,1011.5
WS002,2025-04-30T21:39:21.092098,29.7,66.3,0.0,2.5,1016.6
WS002,2025-04-30T22:39:21.092098,28.5,63.0,0.0,10.6,1011.6
WS002,2025-04-30T23:39:21.092098,28.0,62.8,0.21,2.2,1005.4
WS002,2025-05-01T00:39:21.092098,28.8,74.7,0.0,7.3,1016.2
WS002,2025-05-01T01:39:21.092098,26.6,65.4,1.53,7.2,1014.8
WS002,2025-05-01T02:39:21.092098,25.9,62.6,0.0,4.5,1008.3
WS002,2025-05-01T03:39:21.092098,27.4,61.4,0.0,2.7,1005.4
WS002,2025-05-01T04:39:21.092098,27.7,70.0,0.0,6.7,1016.1
WS002,2025-05-01T05:39:21.092098,28.4,70.4,0.44,2.8,1016.1
WS002,2025-05-01T06:39:21.092098,30.6,63.9,1.23,7.5,1013.6
WS002,2025-05-01T07:39:21.092098,30.7,60.3,0.0,0.2,1020.1
WS002,2025-05-01T08:39:21.092098,30.7,57.9,0.0,2.5,1013.6
WS002,2025-05-01T09:39:21.092098,30.9,62.1,0.0,6.1,1016.9
WS002,2025-05-01T10:39:21.092098,31.5,67.6,0.0,8.2,1012.0
WS002,2025-05-01T11:39:21.092098,33.0,63.6,0.0,2.1,1007.1
WS002,2025-05-01T12:39:21.092098,30.5,67.9,0.0,3.1,1011.6
WS002,2025-05-01T13:39:21.092098,32.5,65.5,3.32,1.9,1021.5
WS002,2025-05-01T14:39:21.092098,29.7,69.1,0.0,4.2,1012.9
WS002,2025-05-01T15:39:21.092098,30.9,63.9,0.0,3.2,1014.3
WS002,2025-05-01T16:39:21.092098,31.4,60.8,0.0,1.9,1009.7
WS002,2025-05-01T17:39:21.092098,31.4,63.2,0.11,1.3,1014.5
WS002,2025-05-01T18:39:21.092098,30.5,69.7,0.0,5.1,1017.8
WS002,2025-05-01T19:39:21.092098,30.2,63.5,0.0,3.1,1014.0
WS002,2025-05-01T20:39:21.092098,28.0,62.8,0.0,7.6,1015.0
WS002,2025-05-01T21:39:21.092098,28.3,67.7,0.0,2.9,1013.1
WS002,2025-05-01T22:39:21.092098,27.8,67.1,0.0,3.9,1010.2
WS002,2025-05-01T23:39:21.092098,26.5,69.6,0.0,3.1,1020.6
WS002,2025-05-02T00:39:21.092098,27.6,63.5,0.0,1.1,1020.0
WS002,2025-05-02T01:39:21.092098,28.7,74.2,0.0,3.1,1012.1
WS002,2025-05-02T02:39:21.092098,27.3,68.3,0.0,4.0,1013.5
WS002,2025-05-02T03:39:21.092098,26.3,69.6,0.0,2.5,1012.2
WS002,2025-05-02T04:39:21.092098,28.3,71.8,0.0,3.0,1011.1
WS002,2025-05-02T05:39:21.092098,29.6,64.9,0.63,4.3,1006.7
WS002,2025-05-02T06:39:21.092098,30.8,59.0,0.0,4.6,1021.3
WS002,2025-05-02T07:39:21.092098,30.4,70.6,2.18,4.3,1015.6
WS002,2025-05-02T08:39:21.092098,32.6,61.1,3.11,8.4,1023.0
WS002,2025-05-02T09:39:21.092098,34.1,68.5,0.0,4.9,1015.5
WS002,2025-05-02T10:39:21.092098,32.1,54.0,2.22,1.0,1018.1
WS002,2025-05-02T11:39:21.092098,32.2,59.0,0.0,2.8,1003.6
WS002,2025-05-02T12:39:21.092098,31.0,64.6,0.0,3.8,1017.8
WS002,2025-05-02T13:39:21.092098,31.7,69.1,0.0,1.1,1024.1
WS002,2025-05-02T14:39:21.092098,31.0,70.7,3.16,5.6,1014.5
WS002,2025-05-02T15:39:21.092098,30.8,62.6,0.0,2.2,1002.5
WS002,2025-05-02T16:39:21.092098,30.6,63.4,0.0,4.0,1019.0
WS002,2025-05-02T17:39:21.092098,31.6,75.2,1.57,6.3,1018.3
WS002,2025-05-02T18:39:21.092098,29.4,61.4,1.89,8.3,1007.4
WS002,2025-05-02T19:39:21.092098,29.5,74.2,0.33,10.0,1016.5
WS002,2025-05-02T20:39:21.092098,28.7,60.0,0.0,13.1,1010.6
WS002,2025-05-02T21:39:21.092098,28.4,67.4,0.0,0.5,1010.0
WS002,2025-05-02T22:39:21.092098,28.5,64.9,2.22,1.1,1009.3
WS002,2025-05-02T23:39:21.092098,30.2,63.6,0.0,5.2,1017.6
WS002,2025-05-03T00:39:21.092098,27.9,76.3,0.0,6.3,1014.3
WS002,2025-05-03T01:39:21.092098,28.8,73.0,0.0,2.5,1014.1
WS002,2025-05-03T02:39:21.092098,27.2,74.3,0.62,3.4,1011.2
WS002,2025-05-03T03:39:21.092098,29.0,73.8,0.0,3.7,1009.3
WS002,2025-05-03T04:39:21.092098,29.0,68.5,0.0,2.1,1015.6
WS002,2025-05-03T05:39:21.092098,29.8,77.0,0.0,4.7,1009.1
WS002,2025-05-03T06:39:21.092098,30.8,73.1,0.22,0.8,1011.7
WS002,2025-05-03T07:39:21.092098,30.1,65.3,0.0,2.6,1013.1
WS002,2025-05-03T08:39:21.092098,31.2,61.7,0.0,1.1,1011.9
WS002,2025-05-03T09:39:21.092098,30.7,63.5,0.0,2.7,1020.9
WS002,2025-05-03T10:39:21.092098,28.8,63.3,0.0,0.8,1011.6
WS002,2025-05-03T11:39:21.092098,31.9,55.0,0.0,2.9,1018.9
WS002,2025-05-03T12:39:21.092098,31.6,72.8,0.0,6.3,1007.7
WS002,2025-05-03T13:39:21.092098,29.3,62.8,0.0,11.8,1008.3
WS002,2025-05-03T14:39:21.092098,30.8,72.1,8.52,1.6,1016.3
WS002,2025-05-03T15:39:21.092098,31.2,58.9,0.0,3.2,1019.9
WS002,2025-05-03T16:39:21.092098,30.3,64.1,0.0,2.5,1012.7
WS002,2025-05-03T17:39:21.092098,30.1,58.0,0.0,1.7,1011.3
WS002,2025-05-03T18:39:21.092098,29.9,66.7,0.0,1.4,1016.1
WS002,2025-05-03T19:39:21.092098,27.9,68.9,0.0,2.5,1010.1
WS002,2025-05-03T20:39:21.092098,28.2,64.1,0.0,8.0,1012.4
WS002,2025-05-03T21:39:21.092098,27.0,70.7,0.0,8.1,1000.6
WS002,2025-05-03T22:39:21.092098,28.5,68.4,0.0,1.8,1008.0
WS002,2025-05-03T23:39:21.092098,29.6,59.2,0.0,2.8,1016.4
WS002,2025-05-04T00:39:21.092098,28.7,68.5,0.0,3.7,1010.5
WS002,2025-05-04T01:39:21.092098,27.6,59.8,0.0,1.6,1006.2
WS002,2025-05-04T02:39:21.092098,26.8,68.8,0.0,1.1,1016.1
WS002,2025-05-04T03:39:21.092098,27.2,55.9,0.0,11.1,1010.4
WS002,2025-05-04T04:39:21.092098,29.0,59.9,0.0,4.6,1015.7
WS002,2025-05-04T05:39:21.092098,28.9,64.5,0.0,3.3,1008.9
WS002,2025-05-04T06:39:21.092098,29.8,71.2,0.0,1.8,1008.3
WS002,2025-05-04T07:39:21.092098,30.2,75.1,0.0,2.5,1009.8
WS002,2025-05-04T08:39:21.092098,31.1,80.8,0.36,5.4,1012.6
WS002,2025-05-04T09:39:21.092098,30.3,69.8,0.06,4.6,1013.4
WS002,2025-05-04T10:39:21.092098,32.5,65.3,0.0,4.6,1021.2
WS002,2025-05-04T11:39:21.092098,30.8,63.7,0.0,2.0,1013.5
WS002,2025-05-04T12:39:21.092098,32.1,66.7,0.0,10.1,1012.5
WS002,2025-05-04T13:39:21.092098,32.1,60.9,0.62,0.8,1015.2
WS002,2025-05-04T14:39:21.092098,31.3,66.5,2.35,13.4,1014.7
WS002,2025-05-04T15:39:21.092098,32.2,61.6,0.0,0.8,1021.7
WS002,2025-05-04T16:39:21.092098,32.3,62.8,0.74,1.1,1019.7
WS002,2025-05-04T17:39:21.092098,30.5,66.4,0.0,5.1,1010.1
WS002,2025-05-04T18:39:21.092098,29.1,70.8,1.38,2.3,1017.7
WS002,2025-05-04T19:39:21.092098,29.3,71.1,0.0,2.3,1013.4
WS002,2025-05-04T20:39:21.092098,27.3,60.7,0.0,11.7,1007.9
WS002,2025-05-04T21:39:21.092098,28.6,61.5,0.0,1.1,1010.0
WS002,2025-05-04T22:39:21.092098,26.0,66.0,0.0,1.1,1007.9
WS002,2025-05-04T23:39:21.092098,27.6,70.5,0.0,3.1,1010.4
WS002,2025-05-05T00:39:21.092098,29.3,69.9,0.0,10.2,1001.7
WS002,2025-05-05T01:39:21.092098,28.2,71.0,0.0,1.7,1014.2
WS002,2025-05-05T02:39:21.092098,28.9,69.6,0.0,4.6,1014.5
WS002,2025-05-05T03:39:21.092098,28.3,63.3,0.0,5.7,1015.1
WS002,2025-05-05T04:39:21.092098,28.1,70.9,0.0,5.2,1006.9
WS002,2025-05-05T05:39:21.092098,27.9,68.3,0.37,9.4,1014.9
WS002,2025-05-05T06:39:21.092098,30.1,61.7,0.0,1.9,1009.8
WS002,2025-05-05T07:39:21.092098,30.1,58.0,0.0,11.9,1015.5
WS002,2025-05-05T08:39:21.092098,28.7,67.2,0.0,1.7,1008.9
WS002,2025-05-05T09:39:21.092098,31.8,59.9,0.0,6.2,1006.9
WS002,2025-05-05T10:39:21.092098,31.5,62.7,0.0,1.7,1019.8
WS002,2025-05-05T11:39:21.092098,32.7,61.9,0.0,4.1,1008.9
WS002,2025-05-05T12:39:21.092098,31.1,63.3,0.1,10.1,1017.0
WS002,2025-05-05T13:39:21.092098,29.6,65.9,0.0,6.0,1011.0
WS002,2025-05-05T14:39:21.092098,31.2,66.3,0.0,7.3,1013.8
WS002,2025-05-05T15:39:21.092098,32.8,63.0,0.0,1.0,1012.2
WS002,2025-05-05T16:39:21.092098,29.0,59.5,0.17,5.7,1015.8
WS002,2025-05-05T17:39:21.092098,29.2,70.3,0.0,3.7,1008.7
WS002,2025-05-05T18:39:21.092098,29.2,61.0,0.0,4.6,1016.8
WS002,2025-05-05T19:39:21.092098,28.3,67.8,0.0,3.7,1012.4
WS002,2025-05-05T20:39:21.092098,27.6,64.5,0.0,3.6,1010.4
WS002,2025-05-05T21:39:21.092098,27.8,64.5,0.0,0.9,1000.3
WS002,2025-05-05T22:39:21.092098,28.1,68.6,0.0,6.8,1014.7
WS002,2025-05-05T23:39:21.092098,28.9,66.4,0.0,10.8,1009.4
WS002,2025-05-06T00:39:21.092098,27.1,69.1,0.0,7.0,1013.0
WS002,2025-05-06T01:39:21.092098,26.8,65.8,0.0,6.0,1012.3
WS002,2025-05-06T02:39:21.092098,25.8,59.0,0.0,0.9,1014.4
WS002,2025-05-06T03:39:21.092098,28.8,60.5,0.0,1.2,1010.1
WS002,2025-05-06T04:39:21.092098,26.8,67.9,0.0,0.5,1018.5
WS002,2025-05-06T05:39:21.092098,29.7,65.4,0.0,2.0,1022.5
WS002,2025-05-06T06:39:21.092098,29.6,62.1,0.0,3.3,1007.0
WS002,2025-05-06T07:39:21.092098,31.1,70.4,0.0,4.4,1015.4
WS002,2025-05-06T08:39:21.092098,30.5,66.1,0.0,4.1,1011.4
WS002,2025-05-06T09:39:21.092098,31.2,71.8,0.76,7.1,1010.2
WS002,2025-05-06T10:39:21.092098,32.2,66.7,1.47,3.7,1014.0
WS002,2025-05-06T11:39:21.092098,30.5,60.4,0.0,3.5,1010.3
WS002,2025-05-06T12:39:21.092098,33.4,69.1,0.0,4.6,1012.2
WS002,2025-05-06T13:39:21.092098,33.6,71.4,0.0,0.9,1011.4
WS002,2025-05-06T14:39:21.092098,30.5,69.9,1.25,6.1,1013.1
WS002,2025-05-06T15:39:21.092098,30.6,62.4,0.0,3.3,1015.3
WS002,2025-05-06T16:39:21.092098,31.8,75.9,0.0,1.4,1011.4
WS002,2025-05-06T17:39:21.092098,31.1,67.7,0.0,2.0,1005.5
WS002,2025-05-06T18:39:21.092098,31.2,66.3,0.0,6.1,1018.7
WS002,2025-05-06T19:39:21.092098,27.4,65.7,2.13,14.9,1016.3
WS002,2025-05-06T20:39:21.092098,27.5,74.7,0.0,1.7,1010.7
WS002,2025-05-06T21:39:21.092098,27.8,70.9,0.42,2.6,1007.2
WS002,2025-05-06T22:39:21.092098,28.4,66.2,0.0,1.0,1007.9
WS002,2025-05-06T23:39:21.092098,29.1,70.1,1.93,5.6,1023.0
WS002,2025-05-07T00:39:21.092098,27.4,74.9,0.0,3.6,1013.5
WS002,2025-05-07T01:39:21.092098,27.3,61.9,0.0,1.7,1013.4
WS002,2025-05-07T02:39:21.092098,27.5,67.0,0.0,8.4,1013.3
WS002,2025-05-07T03:39:21.092098,29.6,69.8,0.0,3.8,1017.7
WS002,2025-05-07T04:39:21.092098,27.8,59.4,0.0,0.5,1020.0
WS002,2025-05-07T05:39:21.092098,27.4,61.9,2.78,0.5,1008.0
WS002,2025-05-07T06:39:21.092098,29.2,66.9,0.0,9.0,1011.2
WS002,2025-05-07T07:39:21.092098,30.3,73.0,0.0,0.4,1014.7
WS002,2025-05-07T08:39:21.092098,30.4,59.6,0.0,5.7,1016.0
WS002,2025-05-07T09:39:21.092098,31.7,63.9,0.0,4.5,1011.7
WS002,2025-05-07T10:39:21.092098,32.1,68.0,0.0,7.9,1024.7
WS002,2025-05-07T11:39:21.092098,33.5,68.3,0.84,7.9,1007.0
WS002,2025-05-07T12:39:21.092098,31.4,73.5,1.49,1.4,1010.6
WS002,2025-05-07T13:39:21.092098,31.2,67.6,0.0,3.5,1012.1
WS002,2025-05-07T14:39:21.092098,31.0,75.4,0.0,1.4,1015.0
WS002,2025-05-07T15:39:21.092098,31.9,65.0,1.92,2.8,1006.8
WS002,2025-05-07T16:39:21.092098,29.4,63.0,0.0,1.5,1023.0
WS002,2025-05-07T17:39:21.092098,30.8,64.2,0.0,7.6,1009.0
WS002,2025-05-07T18:39:21.092098,30.8,75.0,2.0,6.2,1009.6
WS002,2025-05-07T19:39:21.092098,29.4,67.8,0.0,6.2,1013.2
WS002,2025-05-07T20:39:21.092098,28.7,67.8,0.64,1.5,1018.0
WS002,2025-05-07T21:39:21.092098,29.3,64.3,2.29,10.7,1016.2
WS002,2025-05-07T22:39:21.092098,28.4,69.8,0.0,5.0,1010.4
WS002,2025-05-07T23:39:21.092098,26.7,58.3,0.0,6.6,1010.5
WS002,2025-05-08T00:39:21.092098,25.1,62.8,0.0,0.8,1015.3
WS002,2025-05-08T01:39:21.092098,28.3,65.5,0.0,5.0,1013.5
WS002,2025-05-08T02:39:21.092098,26.8,71.2,3.79,1.5,1008.7
WS002,2025-05-08T03:39:21.092098,29.6,65.2,0.0,1.8,1008.5
WS002,2025-05-08T04:39:21.092098,30.0,60.7,0.0,3.2,1008.1
WS002,2025-05-08T05:39:21.092098,30.0,64.6,0.0,11.8,1012.9
WS002,2025-05-08T06:39:21.092098,30.2,57.3,0.0,2.2,1009.3
WS002,2025-05-08T07:39:21.092098,28.5,66.2,0.0,2.6,1011.2
WS002,2025-05-08T08:39:21.092098,29.6,63.0,0.0,2.5,1011.4
WS002,2025-05-08T09:39:21.092098,29.6,62.9,0.06,1.2,1018.6
WS002,2025-05-08T10:39:21.092098,30.4,56.7,0.0,4.0,1006.7
WS002,2025-05-08T11:39:21.092098,33.1,63.2,0.0,2.4,1010.1
WS002,2025-05-08T12:39:21.092098,30.7,66.5,0.0,6.5,1005.1
WS002,2025-05-08T13:39:21.092098,31.3,72.7,0.0,0.6,1011.7
WS002,2025-05-08T14:39:21.092098,31.4,65.2,0.0,7.1,1016.1
WS002,2025-05-08T15:39:21.092098,30.7,70.6,0.0,1.2,1012.7
WS002,2025-05-08T16:39:21.092098,30.4,58.9,0.0,2.7,1013.5
WS002,2025-05-08T17:39:21.092098,29.0,59.5,0.0,1.5,1014.3
WS002,2025-05-08T18:39:21.092098,29.2,71.5,0.0,2.9,1013.1
WS002,2025-05-08T19:39:21.092098,28.7,70.5,0.0,2.0,1008.5
WS002,2025-05-08T20:39:21.092098,28.0,63.9,0.0,8.4,1012.7
WS002,2025-05-08T21:39:21.092098,27.7,68.8,0.0,1.5,1018.0
WS002,2025-05-08T22:39:21.092098,28.4,63.5,0.0,2.9,1017.1
WS002,2025-05-08T23:39:21.092098,28.2,69.2,0.0,1.7,1013.8
WS002,2025-05-09T00:39:21.092098,27.0,69.3,0.0,3.9,1008.8
WS002,2025-05-09T01:39:21.092098,28.0,68.0,0.0,2.2,1009.5
WS002,2025-05-09T02:39:21.092098,28.9,64.4,0.0,5.5,1013.4
WS002,2025-05-09T03:39:21.092098,28.4,61.9,0.0,4.7,1016.9
WS002,2025-05-09T04:39:21.092098,29.3,71.8,0.0,2.3,1008.7
WS002,2025-05-09T05:39:21.092098,28.0,62.6,0.0,6.2,1014.9
WS002,2025-05-09T06:39:21.092098,30.2,62.9,0.68,2.9,1011.2
WS002,2025-05-09T07:39:21.092098,29.8,74.8,0.0,1.8,1016.6
WS002,2025-05-09T08:39:21.092098,29.4,62.1,2.99,3.4,1011.9
WS002,2025-05-09T09:39:21.092098,31.6,68.3,0.0,3.0,1015.0
WS002,2025-05-09T10:39:21.092098,30.8,69.3,0.0,6.9,1008.7
WS002,2025-05-09T11:39:21.092098,31.3,69.0,0.0,2.9,1015.0
WS002,2025-05-09T12:39:21.092098,33.8,55.5,0.0,5.0,1010.3
WS002,2025-05-09T13:39:21.092098,31.4,75.0,1.15,3.1,1019.0
WS002,2025-05-09T14:39:21.092098,32.6,62.5,1.29,7.2,1019.2
WS002,2025-05-09T15:39:21.092098,30.6,71.1,0.0,2.8,1013.3
WS002,2025-05-09T16:39:21.092098,28.2,71.7,0.0,1.7,1013.6
WS002,2025-05-09T17:39:21.092098,31.1,69.0,0.11,6.1,1003.5
WS002,2025-05-09T18:39:21.092098,30.9,70.3,0.59,0.5,1015.8
WS002,2025-05-09T19:39:21.092098,28.8,66.0,0.0,0.3,1011.1
WS002,2025-05-09T20:39:21.092098,29.3,65.7,0.0,1.9,1009.1
WS002,2025-05-09T21:39:21.092098,26.8,68.4,0.0,1.9,998.4
WS002,2025-05-09T22:39:21.092098,27.6,63.9,0.0,4.8,998.2
WS002,2025-05-09T23:39:21.092098,27.3,66.6,2.3,1.7,1008.6
WS002,2025-05-10T00:39:21.092098,27.5,64.7,0.0,1.4,1012.4
WS002,2025-05-10T01:39:21.092098,28.5,62.4,0.0,7.5,1013.9
WS002,2025-05-10T02:39:21.092098,27.2,63.5,0.0,6.1,1015.4
WS002,2025-05-10T03:39:21.092098,26.0,70.6,4.4,5.7,1013.5
WS002,2025-05-10T04:39:21.092098,26.1,64.3,0.0,5.4,1001.4
WS002,2025-05-10T05:39:21.092098,27.9,66.4,4.72,14.5,1014.4
WS002,2025-05-10T06:39:21.092098,28.5,69.0,0.0,5.2,1014.1
WS002,2025-05-10T07:39:21.092098,31.1,71.9,0.0,2.6,1019.3
WS002,2025-05-10T08:39:21.092098,31.1,69.5,0.0,1.8,1014.3
WS002,2025-05-10T09:39:21.092098,29.2,69.6,0.0,7.2,1006.7
WS002,2025-05-10T10:39:21.092098,31.1,69.2,0.0,1.2,1015.4
WS002,2025-05-10T11:39:21.092098,29.7,69.5,0.63,3.1,1010.9
WS002,2025-05-10T12:39:21.092098,31.6,69.2,0.0,10.6,1011.0
WS002,2025-05-10T13:39:21.092098,30.5,55.6,1.76,17.1,1017.5
WS002,2025-05-10T14:39:21.092098,29.6,66.4,0.0,5.7,1016.1
WS002,2025-05-10T15:39:21.092098,31.8,69.2,0.8,5.8,1007.9
WS002,2025-05-10T16:39:21.092098,29.9,66.9,0.0,1.3,1017.5
WS002,2025-05-10T17:39:21.092098,29.5,71.1,0.0,2.9,1012.7
WS002,2025-05-10T18:39:21.092098,30.6,60.7,0.0,4.9,1003.2
WS002,2025-05-10T19:39:21.092098,27.6,57.2,0.0,10.1,1013.4
WS002,2025-05-10T20:39:21.092098,27.3,61.1,0.0,0.6,1017.8
WS002,2025-05-10T21:39:21.092098,27.7,63.0,0.57,1.6,1008.7
WS002,2025-05-10T22:39:21.092098,28.5,70.7,0.0,0.7,1013.8
WS002,2025-05-10T23:39:21.092098,27.9,55.7,0.0,1.0,1015.7
WS002,2025-05-11T00:39:21.092098,25.2,70.5,0.0,2.1,1023.2
WS002,2025-05-11T01:39:21.092098,28.3,67.9,0.0,1.4,1004.8
WS002,2025-05-11T02:39:21.092098,27.9,66.4,0.0,1.7,1012.7
WS002,2025-05-11T03:39:21.092098,28.5,68.2,0.0,1.5,1004.7
WS002,2025-05-11T04:39:21.092098,28.3,72.7,0.83,6.0,1012.6
WS002,2025-05-11T05:39:21.092098,28.7,70.2,0.0,0.2,1007.7
WS002,2025-05-11T06:39:21.092098,30.1,66.6,0.0,1.7,1008.1
WS002,2025-05-11T07:39:21.092098,28.9,70.9,0.0,2.3,1007.4
WS002,2025-05-11T08:39:21.092098,31.0,57.8,0.0,3.8,1018.4
WS002,2025-05-11T09:39:21.092098,29.6,72.8,0.0,0.4,1009.5
WS002,2025-05-11T10:39:21.092098,30.5,66.2,0.0,4.9,1014.3
WS002,2025-05-11T11:39:21.092098,30.0,67.8,0.0,10.4,1011.0
WS002,2025-05-11T12:39:21.092098,31.8,69.4,0.0,2.4,1018.1
WS002,2025-05-11T13:39:21.092098,32.0,72.1,0.0,3.7,1011.7
WS002,2025-05-11T14:39:21.092098,32.5,66.4,0.96,0.5,1015.2
WS002,2025-05-11T15:39:21.092098,29.7,64.5,0.0,2.1,1023.4
WS002,2025-05-11T16:39:21.092098,30.0,58.7,0.0,6.3,1018.9
WS002,2025-05-11T17:39:21.092098,30.1,72.9,0.0,1.8,1006.8
WS002,2025-05-11T18:39:21.092098,29.7,68.8,0.0,4.0,1022.5
WS002,2025-05-11T19:39:21.092098,31.0,74.4,0.0,0.9,1008.7
WS002,2025-05-11T20:39:21.092098,30.9,69.1,0.0,3.5,1006.5
WS002,2025-05-11T21:39:21.092098,26.8,68.2,0.0,8.2,1019.8
WS002,2025-05-11T22:39:21.092098,28.6,61.6,0.0,4.6,1011.7
WS002,2025-05-11T23:39:21.092098,27.6,61.5,0.0,1.0,1016.4
WS002,2025-05-12T00:39:21.092098,26.8,65.6,0.0,1.7,1014.9
WS002,2025-05-12T01:39:21.092098,27.1,65.1,0.0,6.6,1020.4
WS002,2025-05-12T02:39:21.092098,27.0,62.4,3.05,2.7,1010.6
WS002,2025-05-12T03:39:21.092098,28.1,65.7,0.0,2.5,1014.6
WS002,2025-05-12T04:39:21.092098,26.9,67.0,0.0,5.3,1013.1
WS002,2025-05-12T05:39:21.092098,31.0,75.6,0.0,4.7,1002.7
WS002,2025-05-12T06:39:21.092098,30.6,71.6,3.7,3.5,1011.2
WS002,2025-05-12T07:39:21.092098,29.7,63.8,0.0,6.5,1010.4
WS002,2025-05-12T08:39:21.092098,31.3,57.2,0.0,6.4,1010.8
WS002,2025-05-12T09:39:21.092098,29.9,61.5,0.0,1.1,1014.5
WS002,2025-05-12T10:39:21.092098,31.7,64.8,2.72,4.0,1013.9
WS002,2025-05-12T11:39:21.092098,32.0,67.6,0.0,5.4,1009.7
WS002,2025-05-12T12:39:21.092098,31.1,75.9,0.0,2.6,1008.3
WS002,2025-05-12T13:39:21.092098,31.6,66.9,0.94,4.1,1015.7
WS002,2025-05-12T14:39:21.092098,31.0,78.4,0.0,4.6,1014.4
WS002,2025-05-12T15:39:21.092098,31.6,60.8,0.0,6.4,1011.7
WS002,2025-05-12T16:39:21.092098,28.1,75.2,0.09,9.7,1020.8
WS002,2025-05-12T17:39:21.092098,29.4,65.4,2.73,1.6,1001.7
WS002,2025-05-12T18:39:21.092098,26.7,65.4,4.09,2.7,1014.4
WS002,2025-05-12T19:39:21.092098,27.9,68.9,0.0,3.0,1004.1
WS002,2025-05-12T20:39:21.092098,29.2,72.8,0.0,2.3,1006.1
WS002,2025-05-12T21:39:21.092098,27.7,70.1,0.29,2.5,1011.7
WS002,2025-05-12T22:39:21.092098,28.1,69.5,0.0,0.6,1013.0
WS002,2025-05-12T23:39:21.092098,27.1,61.5,0.0,2.1,1013.8
WS002,2025-05-13T00:39:21.092098,27.7,66.6,0.0,1.6,1015.0
WS002,2025-05-13T01:39:21.092098,25.0,67.2,0.0,3.1,1014.9
WS002,2025-05-13T02:39:21.092098,27.9,66.9,0.0,2.9,1014.9
WS002,2025-05-13T03:39:21.092098,27.1,66.0,0.0,1.1,1017.2
WS002,2025-05-13T04:39:21.092098,29.3,59.2,0.0,7.7,1014.7
WS002,2025-05-13T05:39:21.092098,30.3,61.3,0.0,4.7,1016.0
WS002,2025-05-13T06:39:21.092098,29.8,68.9,0.0,2.0,1010.8
WS002,2025-05-13T07:39:21.092098,30.3,75.3,0.0,5.0,1014.1
WS002,2025-05-13T08:39:21.092098,30.4,72.9,0.0,1.5,1025.8
WS002,2025-05-13T09:39:21.092098,29.3,70.9,0.0,1.4,1011.4
WS002,2025-05-13T10:39:21.092098,31.3,75.5,1.79,2.1,1008.7
WS002,2025-05-13T11:39:21.092098,29.2,76.6,1.79,1.3,1010.3
WS002,2025-05-13T12:39:21.092098,31.5,82.2,0.0,7.5,1011.5
WS002,2025-05-13T13:39:21.092098,31.4,64.1,3.11,0.3,1019.8
WS002,2025-05-13T14:39:21.092098,30.4,61.6,1.21,4.4,1011.2
WS002,2025-05-13T15:39:21.092098,30.0,66.4,0.0,2.5,1009.0
WS002,2025-05-13T16:39:21.092098,30.1,70.6,0.24,3.8,1012.9
WS002,2025-05-13T17:39:21.092098,30.3,71.2,0.0,2.9,1014.3
WS002,2025-05-13T18:39:21.092098,27.6,65.4,1.03,5.8,1016.9
WS002,2025-05-13T19:39:21.092098,26.4,70.6,0.0,3.8,1007.6
WS002,2025-05-13T20:39:21.092098,28.4,74.6,0.0,5.7,1018.8
WS002,2025-05-13T21:39:21.092098,28.2,70.6,0.0,5.9,1015.3
WS002,2025-05-13T22:39:21.092098,28.4,60.7,0.0,4.4,1021.1
WS002,2025-05-13T23:39:21.092098,24.9,78.2,0.47,2.0,1005.6
WS002,2025-05-14T00:39:21.092098,27.0,75.6,0.0,1.1,1016.8
WS002,2025-05-14T01:39:21.092098,26.2,71.3,0.0,8.9,1015.9
WS002,2025-05-14T02:39:21.092098,26.7,67.0,0.0,4.6,1013.9
WS002,2025-05-14T03:39:21.092098,29.0,73.9,0.0,5.3,1010.8
WS002,2025-05-14T04:39:21.092098,28.2,73.2,0.0,4.1,1014.2
WS002,2025-05-14T05:39:21.092098,28.8,69.3,0.0,1.6,1017.8
WS002,2025-05-14T06:39:21.092098,30.1,74.0,0.0,5.6,1006.6
WS002,2025-05-14T07:39:21.092098,30.4,66.8,0.09,4.5,1013.7
WS002,2025-05-14T08:39:21.092098,30.2,74.2,0.91,3.6,1015.0
WS002,2025-05-14T09:39:21.092098,30.5,62.7,1.54,6.2,1016.5
WS002,2025-05-14T10:39:21.092098,30.7,65.1,0.0,1.5,1019.3
WS002,2025-05-14T11:39:21.092098,31.1,65.8,0.0,0.5,1010.7
WS002,2025-05-14T12:39:21.092098,31.2,69.5,0.0,5.4,1013.3
WS002,2025-05-14T13:39:21.092098,31.4,58.3,0.31,2.5,1009.8
WS002,2025-05-14T14:39:21.092098,31.5,59.3,2.7,1.2,1015.0
WS002,2025-05-14T15:39:21.092098,30.5,68.0,0.07,1.2,1010.5
WS002,2025-05-14T16:39:21.092098,31.0,72.0,0.69,7.6,1012.0
WS002,2025-05-14T17:39:21.092098,29.5,67.9,1.95,0.8,1012.6
WS002,2025-05-14T18:39:21.092098,29.4,63.6,0.0,4.6,1014.0
WS002,2025-05-14T19:39:21.092098,28.8,70.6,0.26,1.6,1011.6
WS002,2025-05-14T20:39:21.092098,27.6,64.9,0.0,2.8,1012.6
WS002,2025-05-14T21:39:21.092098,27.7,63.9,0.0,5.2,1012.5
WS002,2025-05-14T22:39:21.092098,27.8,68.4,0.0,0.9,1002.1
WS002,2025-05-14T23:39:21.092098,27.4,68.1,0.0,3.2,1007.6
WS002,2025-05-15T00:39:21.092098,27.7,67.7,0.0,3.3,1010.5
WS002,2025-05-15T01:39:21.092098,27.1,60.8,0.0,2.7,1014.4
WS002,2025-05-15T02:39:21.092098,26.1,70.2,0.0,4.1,1007.6
WS002,2025-05-15T03:39:21.092098,29.7,63.6,0.0,5.6,1014.6
WS002,2025-05-15T04:39:21.092098,28.9,75.1,0.0,2.3,1014.6
WS002,2025-05-15T05:39:21.092098,28.8,63.9,0.0,4.0,1002.8
WS002,2025-05-15T06:39:21.092098,28.9,74.7,0.0,7.8,1015.6
WS002,2025-05-15T07:39:21.092098,29.1,67.3,0.74,1.7,1014.6
WS002,2025-05-15T08:39:21.092098,29.7,68.1,0.0,1.9,1008.5
WS002,2025-05-15T09:39:21.092098,28.1,69.7,0.0,2.2,1014.1
WS002,2025-05-15T10:39:21.092098,30.8,73.8,0.0,3.0,1008.5
WS002,2025-05-15T11:39:21.092098,31.7,72.2,0.71,4.5,1011.4
WS002,2025-05-15T12:39:21.092098,32.4,63.5,0.0,10.8,1010.1
WS002,2025-05-15T13:39:21.092098,31.6,66.1,0.0,0.7,1016.4
WS002,2025-05-15T14:39:21.092098,30.4,53.5,0.0,5.2,1015.6
WS002,2025-05-15T15:39:21.092098,31.3,71.8,0.0,3.5,1014.0
WS002,2025-05-15T16:39:21.092098,31.2,75.5,0.0,2.3,1016.5
WS002,2025-05-15T17:39:21.092098,30.6,60.0,0.07,4.3,1017.5
WS002,2025-05-15T18:39:21.092098,30.2,66.5,0.0,12.7,1007.8
WS002,2025-05-15T19:39:21.092098,29.7,66.9,0.0,5.2,1021.0
WS002,2025-05-15T20:39:21.092098,26.7,63.4,0.0,1.9,1012.2
WS002,2025-05-15T21:39:21.092098,25.9,67.3,0.0,8.9,1009.9
WS002,2025-05-15T22:39:21.092098,27.1,60.0,0.11,4.4,1019.3
WS002,2025-05-15T23:39:21.092098,26.5,55.4,0.0,1.0,1017.3
WS002,2025-05-16T00:39:21.092098,26.3,72.0,0.0,5.2,1010.8
WS002,2025-05-16T01:39:21.092098,26.9,62.4,0.0,6.4,1010.2
WS002,2025-05-16T02:39:21.092098,28.2,63.3,2.64,3.6,1017.0
WS002,2025-05-16T03:39:21.092098,25.9,71.5,0.0,1.1,1013.0
WS002,2025-05-16T04:39:21.092098,28.5,65.1,0.0,1.3,1011.9
WS002,2025-05-16T05:39:21.092098,28.5,65.8,0.0,1.5,1014.8
WS002,2025-05-16T06:39:21.092098,27.6,70.6,0.0,1.1,1007.5
WS002,2025-05-16T07:39:21.092098,30.2,63.2,0.0,4.8,1015.5
WS002,2025-05-16T08:39:21.092098,29.8,69.3,0.0,4.1,1016.1
WS002,2025-05-16T09:39:21.092098,30.2,64.3,0.0,3.9,1011.6
WS002,2025-05-16T10:39:21.092098,32.0,60.8,0.0,8.8,1021.2
WS002,2025-05-16T11:39:21.092098,30.5,72.4,0.0,4.2,1010.2
WS002,2025-05-16T12:39:21.092098,30.1,75.2,0.0,1.1,1013.8
WS002,2025-05-16T13:39:21.092098,30.1,69.3,2.0,2.4,1013.6
WS002,2025-05-16T14:39:21.092098,30.7,71.2,0.0,4.7,1013.6
WS002,2025-05-16T15:39:21.092098,30.7,71.5,0.0,3.0,1009.2
WS002,2025-05-16T16:39:21.092098,30.8,69.3,0.0,2.6,1020.1
WS002,2025-05-16T17:39:21.092098,28.6,69.4,0.43,0.2,1006.9
WS002,2025-05-16T18:39:21.092098,30.5,72.3,2.47,4.5,1013.2
WS002,2025-05-16T19:39:21.092098,28.1,72.7,0.0,4.9,1012.6
WS002,2025-05-16T20:39:21.092098,28.8,66.2,0.0,16.9,1010.7
WS002,2025-05-16T21:39:21.092098,27.5,78.6,0.0,4.4,1015.3
WS002,2025-05-16T22:39:21.092098,27.2,74.3,0.0,2.2,1015.8
WS002,2025-05-16T23:39:21.092098,27.4,70.2,0.0,3.9,1011.2
WS002,2025-05-17T00:39:21.092098,30.0,65.1,0.0,4.5,1009.7
WS002,2025-05-17T01:39:21.092098,28.2,69.9,0.0,3.5,1018.3
WS002,2025-05-17T02:39:21.092098,29.1,70.7,0.0,2.7,1015.9
WS002,2025-05-17T03:39:21.092098,28.4,70.2,0.0,9.9,1015.6
WS002,2025-05-17T04:39:21.092098,27.9,61.8,3.79,14.8,1009.5
WS002,2025-05-17T05:39:21.092098,27.7,66.7,0.0,1.7,1016.4
WS002,2025-05-17T06:39:21.092098,28.8,63.7,0.0,8.1,1023.9
WS002,2025-05-17T07:39:21.092098,29.3,66.4,0.0,0.6,1009.2
WS002,2025-05-17T08:39:21.092098,30.8,67.4,0.57,2.0,1027.2
WS002,2025-05-17T09:39:21.092098,30.7,72.0,0.0,8.9,1022.0
WS002,2025-05-17T10:39:21.092098,30.2,65.5,0.0,0.8,1024.3
WS002,2025-05-17T11:39:21.092098,30.8,64.5,2.25,2.8,1013.9
WS002,2025-05-17T12:39:21.092098,28.7,68.2,0.0,2.4,1019.0
WS002,2025-05-17T13:39:21.092098,30.0,68.0,1.35,5.3,1020.0
WS002,2025-05-17T14:39:21.092098,31.0,75.6,0.0,5.8,1018.5
WS002,2025-05-17T15:39:21.092098,29.7,71.1,0.0,4.4,1013.2
WS002,2025-05-17T16:39:21.092098,28.7,75.2,7.5,4.6,1001.9
WS002,2025-05-17T17:39:21.092098,29.9,64.0,0.0,0.3,1014.3
WS002,2025-05-17T18:39:21.092098,29.2,63.1,0.0,0.6,1007.9
WS002,2025-05-17T19:39:21.092098,27.8,74.6,0.0,13.2,1014.1
WS002,2025-05-17T20:39:21.092098,28.9,72.0,0.0,5.5,1019.7
WS002,2025-05-17T21:39:21.092098,26.4,61.4,0.0,2.4,1019.1
WS002,2025-05-17T22:39:21.092098,27.2,61.1,0.0,1.1,1022.0
WS002,2025-05-17T23:39:21.092098,28.2,65.3,0.0,2.4,1022.3
WS002,2025-05-18T00:39:21.092098,27.6,66.6,0.0,2.0,1010.4
WS002,2025-05-18T01:39:21.092098,28.2,71.7,7.48,1.1,1008.6
WS002,2025-05-18T02:39:21.092098,26.0,67.9,0.0,2.6,1014.5
WS002,2025-05-18T03:39:21.092098,29.0,67.9,0.0,0.9,1013.7
WS002,2025-05-18T04:39:21.092098,27.7,68.8,2.51,3.2,1013.4
WS002,2025-05-18T05:39:21.092098,27.4,63.9,1.0,2.8,1018.4
WS002,2025-05-18T06:39:21.092098,30.1,63.9,0.0,3.4,1016.6
WS002,2025-05-18T07:39:21.092098,29.1,74.7,0.0,1.6,1011.9
WS002,2025-05-18T08:39:21.092098,30.9,66.9,0.0,3.2,1000.2
WS002,2025-05-18T09:39:21.092098,30.1,64.0,0.0,2.8,1006.2
WS002,2025-05-18T10:39:21.092098,30.5,66.3,0.94,0.1,1013.1
WS002,2025-05-18T11:39:21.092098,31.9,70.9,0.0,2.3,1015.3
WS002,2025-05-18T12:39:21.092098,30.5,66.3,0.0,5.7,1011.6
WS002,2025-05-18T13:39:21.092098,31.5,75.0,0.0,3.3,1012.9
WS002,2025-05-18T14:39:21.092098,30.9,68.6,0.0,3.0,1018.9
WS002,2025-05-18T15:39:21.092098,29.5,66.9,0.0,1.2,1014.0
WS002,2025-05-18T16:39:21.092098,29.7,66.4,0.0,4.9,1012.3
WS002,2025-05-18T17:39:21.092098,31.5,76.9,0.0,6.3,1002.5
WS002,2025-05-18T18:39:21.092098,28.9,69.5,0.35,6.2,1019.4
WS002,2025-05-18T19:39:21.092098,29.1,62.2,0.0,2.0,1018.7
WS002,2025-05-18T20:39:21.092098,27.9,66.1,0.0,3.4,1017.8
WS002,2025-05-18T21:39:21.092098,28.8,75.0,0.0,10.5,1017.5
WS002,2025-05-18T22:39:21.092098,28.7,71.9,0.0,6.5,1017.4
WS002,2025-05-18T23:39:21.092098,25.6,81.4,0.0,2.9,1015.6
WS002,2025-05-19T00:39:21.092098,27.1,69.0,0.26,0.7,1015.4
WS002,2025-05-19T01:39:21.092098,25.8,68.2,0.0,0.6,1014.6
WS002,2025-05-19T02:39:21.092098,24.9,68.4,0.0,1.2,1016.6
WS002,2025-05-19T03:39:21.092098,26.6,69.1,0.0,2.9,1011.3
WS002,2025-05-19T04:39:21.092098,27.1,68.1,0.0,6.9,1024.0
WS002,2025-05-19T05:39:21.092098,30.1,72.9,0.0,1.7,1006.9
WS002,2025-05-19T06:39:21.092098,29.6,63.3,0.0,0.2,1017.0
WS002,2025-05-19T07:39:21.092098,28.2,67.9,0.06,5.0,1009.9
WS002,2025-05-19T08:39:21.092098,30.0,63.8,0.0,3.1,1011.9
WS002,2025-05-19T09:39:21.092098,30.1,63.7,0.0,1.9,1020.7
WS002,2025-05-19T10:39:21.092098,31.8,73.9,0.0,6.1,1011.5
WS002,2025-05-19T11:39:21.092098,30.1,60.0,0.72,0.5,1010.6
WS002,2025-05-19T12:39:21.092098,29.9,65.6,0.0,1.7,1015.6
WS002,2025-05-19T13:39:21.092098,32.0,67.8,0.0,4.5,1014.1
WS002,2025-05-19T14:39:21.092098,30.4,65.4,0.0,0.5,1019.7
WS002,2025-05-19T15:39:21.092098,29.9,66.4,0.0,3.9,1011.7
WS002,2025-05-19T16:39:21.092098,28.8,70.9,0.0,6.2,1012.7
WS002,2025-05-19T17:39:21.092098,29.7,68.4,0.0,5.6,1011.4
WS002,2025-05-19T18:39:21.092098,30.0,75.9,0.0,4.8,1009.6
WS002,2025-05-19T19:39:21.092098,29.2,57.5,0.0,2.3,1007.0
WS002,2025-05-19T20:39:21.092098,28.0,71.1,0.0,0.8,1007.9
WS002,2025-05-19T21:39:21.092098,26.7,61.7,1.69,4.7,1021.8
WS002,2025-05-19T22:39:21.092098,26.3,57.4,0.0,3.5,1011.8
WS002,2025-05-19T23:39:21.092098,27.0,63.9,0.0,6.5,1013.1
WS002,2025-05-20T00:39:21.092098,29.1,66.1,2.01,3.6,1005.1
WS002,2025-05-20T01:39:21.092098,26.2,69.1,0.0,4.8,1014.4
WS002,2025-05-20T02:39:21.092098,27.4,72.0,0.0,1.8,1010.8
WS002,2025-05-20T03:39:21.092098,28.6,68.1,0.0,5.6,1013.0
WS002,2025-05-20T04:39:21.092098,29.3,70.9,0.0,2.7,1013.3
WS002,2025-05-20T05:39:21.092098,28.5,68.8,0.0,4.3,1019.8
WS002,2025-05-20T06:39:21.092098,29.9,68.6,1.15,1.8,1012.9
WS002,2025-05-20T07:39:21.092098,29.4,68.1,0.0,1.2,1020.2
WS002,2025-05-20T08:39:21.092098,29.5,64.9,0.0,3.5,1013.5
WS002,2025-05-20T09:39:21.092098,31.0,76.7,1.16,4.2,1021.6
WS002,2025-05-20T10:39:21.092098,31.2,64.7,2.22,1.3,1011.3
WS002,2025-05-20T11:39:21.092098,31.7,68.0,3.79,4.2,1004.2
WS002,2025-05-20T12:39:21.092098,29.8,74.4,0.0,3.9,1009.0
WS002,2025-05-20T13:39:21.092098,32.1,73.3,0.0,10.6,1015.9
WS002,2025-05-20T14:39:21.092098,32.1,59.5,3.42,3.4,1013.8
WS002,2025-05-20T15:39:21.092098,32.5,69.4,0.0,1.3,1006.0
WS002,2025-05-20T16:39:21.092098,29.7,66.5,0.0,2.6,1002.3
WS002,2025-05-20T17:39:21.092098,29.9,71.2,0.0,3.5,1008.7
WS002,2025-05-20T18:39:21.092098,28.1,59.9,1.57,1.9,1022.4
WS002,2025-05-20T19:39:21.092098,28.5,67.4,0.0,1.5,1012.1
WS002,2025-05-20T20:39:21.092098,29.0,64.2,0.0,6.7,1001.2
WS002,2025-05-20T21:39:21.092098,27.3,66.8,7.25,9.0,1015.1
WS002,2025-05-20T22:39:21.092098,27.7,64.6,0.0,3.7,1016.7
WS002,2025-05-20T23:39:21.092098,26.8,65.4,0.0,2.7,1014.6
WS002,2025-05-21T00:39:21.092098,28.2,73.3,0.0,6.2,1012.8
WS002,2025-05-21T01:39:21.092098,25.6,72.7,2.43,2.4,1012.0
WS002,2025-05-21T02:39:21.092098,27.3,68.2,0.51,3.6,1016.5
WS002,2025-05-21T03:39:21.092098,28.9,55.0,0.87,3.9,1012.0
WS002,2025-05-21T04:39:21.092098,29.4,63.1,0.0,0.9,1016.9
WS002,2025-05-21T05:39:21.092098,29.7,74.8,0.0,4.6,1018.1
WS002,2025-05-21T06:39:21.092098,27.8,65.7,0.61,0.1,1010.0
WS002,2025-05-21T07:39:21.092098,28.3,62.0,0.0,4.8,1004.3
WS002,2025-05-21T08:39:21.092098,30.6,67.3,0.0,2.8,1012.9
WS002,2025-05-21T09:39:21.092098,31.3,67.3,0.0,5.8,1007.6
WS002,2025-05-21T10:39:21.092098,30.0,72.0,0.0,2.7,1016.9
WS002,2025-05-21T11:39:21.092098,30.3,67.4,0.0,4.3,1008.6
WS002,2025-05-21T12:39:21.092098,30.5,72.1,0.7,3.2,1014.5
WS002,2025-05-21T13:39:21.092098,30.5,81.2,0.0,6.3,1013.7
WS002,2025-05-21T14:39:21.092098,31.0,69.2,0.0,2.9,1018.1
WS002,2025-05-21T15:39:21.092098,30.9,77.8,0.0,5.4,1019.5
WS002,2025-05-21T16:39:21.092098,30.1,71.8,2.49,14.5,1007.9
WS002,2025-05-21T17:39:21.092098,31.2,65.5,0.0,3.8,1018.6
WS002,2025-05-21T18:39:21.092098,27.7,67.3,0.0,3.1,1017.5
WS002,2025-05-21T19:39:21.092098,26.5,73.6,0.0,1.7,1015.4
WS002,2025-05-21T20:39:21.092098,28.3,65.0,0.0,9.0,1008.1
WS002,2025-05-21T21:39:21.092098,28.6,64.5,0.0,2.4,1009.1
WS002,2025-05-21T22:39:21.092098,26.4,68.1,0.0,1.6,1011.4
WS002,2025-05-21T23:39:21.092098,27.0,62.3,0.0,3.8,1011.9
WS002,2025-05-22T00:39:21.092098,28.5,69.9,0.0,2.0,1007.9
WS002,2025-05-22T01:39:21.092098,27.2,64.2,2.51,0.3,1005.1
WS002,2025-05-22T02:39:21.092098,27.2,67.2,0.0,1.0,1012.0
WS002,2025-05-22T03:39:21.092098,29.2,59.2,0.0,2.9,1026.2
WS002,2025-05-22T04:39:21.092098,27.8,63.4,0.0,0.7,1015.0
WS002,2025-05-22T05:39:21.092098,28.2,69.6,0.0,1.0,1011.3
WS002,2025-05-22T06:39:21.092098,30.4,77.4,0.0,3.7,1010.9
WS002,2025-05-22T07:39:21.092098,28.1,69.9,0.0,1.7,1014.4
WS002,2025-05-22T08:39:21.092098,30.7,70.3,0.0,4.7,1018.0
WS002,2025-05-22T09:39:21.092098,29.4,67.2,0.0,13.1,1012.5
WS002,2025-05-22T10:39:21.092098,30.3,75.5,2.38,4.5,1017.8
WS002,2025-05-22T11:39:21.092098,29.6,66.0,0.0,0.2,1017.0
WS002,2025-05-22T12:39:21.092098,32.7,58.7,0.0,8.9,1020.6
WS002,2025-05-22T13:39:21.092098,29.2,69.6,0.0,2.2,1020.6
WS002,2025-05-22T14:39:21.092098,31.6,61.3,0.0,5.0,1016.7
WS002,2025-05-22T15:39:21.092098,29.0,66.7,5.3,2.9,1019.6
WS002,2025-05-22T16:39:21.092098,31.2,77.2,0.0,6.3,999.0
WS002,2025-05-22T17:39:21.092098,27.2,63.8,0.0,3.7,1015.1
WS002,2025-05-22T18:39:21.092098,29.8,68.8,0.0,3.9,1016.9
WS002,2025-05-22T19:39:21.092098,28.4,69.4,0.0,4.8,1008.6
WS002,2025-05-22T20:39:21.092098,27.4,68.0,0.0,4.1,1008.4
WS002,2025-05-22T21:39:21.092098,27.7,67.9,0.19,4.7,1018.3
WS002,2025-05-22T22:39:21.092098,26.9,68.5,0.0,7.6,1014.8
WS002,2025-05-22T23:39:21.092098,25.5,73.2,0.0,15.3,1009.0
WS002,2025-05-23T00:39:21.092098,26.8,70.1,1.48,10.3,1011.9
WS002,2025-05-23T01:39:21.092098,27.9,66.5,1.44,3.1,1015.5
WS002,2025-05-23T02:39:21.092098,26.9,70.0,0.0,5.8,1017.5
WS002,2025-05-23T03:39:21.092098,27.2,65.9,0.0,2.0,1016.2
WS002,2025-05-23T04:39:21.092098,27.9,60.3,0.0,1.9,1013.3
WS002,2025-05-23T05:39:21.092098,28.0,60.2,0.19,4.4,1010.7
WS002,2025-05-23T06:39:21.092098,28.4,59.3,0.0,2.8,1022.1
WS002,2025-05-23T07:39:21.092098,30.5,70.0,0.0,2.6,1013.8
WS002,2025-05-23T08:39:21.092098,28.9,61.8,1.75,8.7,1006.3
WS002,2025-05-23T09:39:21.092098,31.0,66.7,0.0,6.5,1022.1
WS002,2025-05-23T10:39:21.092098,28.9,59.8,0.0,1.1,1016.3
WS002,2025-05-23T11:39:21.092098,31.3,61.3,0.0,1.5,1011.8
WS002,2025-05-23T12:39:21.092098,31.7,65.7,0.0,1.7,1010.4
WS002,2025-05-23T13:39:21.092098,31.3,63.1,2.22,6.0,1022.3
WS002,2025-05-23T14:39:21.092098,29.9,65.9,0.0,8.6,1016.6
WS002,2025-05-23T15:39:21.092098,30.0,75.3,0.0,5.6,1018.8
WS002,2025-05-23T16:39:21.092098,30.9,68.3,0.0,4.9,1020.3
WS002,2025-05-23T17:39:21.092098,29.9,67.3,0.0,4.6,1012.6
WS002,2025-05-23T18:39:21.092098,29.7,71.8,0.0,7.4,1018.5
WS002,2025-05-23T19:39:21.092098,29.3,73.1,0.0,1.0,1003.1
WS002,2025-05-23T20:39:21.092098,28.0,74.0,0.84,3.7,1014.2
WS002,2025-05-23T21:39:21.092098,26.6,71.4,1.44,1.7,1010.2
WS002,2025-05-23T22:39:21.092098,27.5,71.6,0.0,2.7,1012.2
WS002,2025-05-23T23:39:21.092098,28.9,80.1,0.0,2.3,1011.8
WS002,2025-05-24T00:39:21.092098,27.5,65.3,0.0,3.2,1006.8
WS002,2025-05-24T01:39:21.092098,27.4,64.8,0.0,2.4,1016.5
WS002,2025-05-24T02:39:21.092098,26.8,63.1,3.81,4.4,1013.6
WS002,2025-05-24T03:39:21.092098,25.2,69.4,0.0,3.3,1015.1
WS002,2025-05-24T04:39:21.092098,29.3,69.2,0.0,2.2,1020.3
WS002,2025-05-24T05:39:21.092098,29.5,75.4,0.0,2.9,1012.4
WS002,2025-05-24T06:39:21.092098,28.3,73.3,0.0,4.4,1006.7
WS002,2025-05-24T07:39:21.092098,29.9,73.2,1.84,6.5,1007.3
WS002,2025-05-24T08:39:21.092098,32.2,72.4,0.0,2.0,1003.8
WS002,2025-05-24T09:39:21.092098,30.2,65.8,0.0,6.6,1019.7
WS002,2025-05-24T10:39:21.092098,29.0,68.0,0.0,1.0,1017.1
WS002,2025-05-24T11:39:21.092098,29.5,74.4,0.0,2.5,1009.8
WS002,2025-05-24T12:39:21.092098,31.0,72.3,0.0,6.7,1017.8
WS002,2025-05-24T13:39:21.092098,31.5,69.7,0.0,1.9,1009.3
WS002,2025-05-24T14:39:21.092098,30.5,72.9,0.0,6.1,1015.1
WS002,2025-05-24T15:39:21.092098,29.5,69.2,0.0,1.0,1012.6
WS002,2025-05-24T16:39:21.092098,28.6,66.4,0.0,3.7,1012.2
WS002,2025-05-24T17:39:21.092098,28.3,69.4,0.0,1.2,1005.7
WS002,2025-05-24T18:39:21.092098,30.7,75.6,0.0,2.5,1012.9
WS002,2025-05-24T19:39:21.092098,28.4,65.3,0.0,4.2,1008.4
WS002,2025-05-24T20:39:21.092098,28.4,80.7,0.0,5.4,1019.4
WS002,2025-05-24T21:39:21.092098,26.3,69.0,0.0,0.9,1010.4
WS002,2025-05-24T22:39:21.092098,25.1,76.3,0.0,4.3,1013.1
WS002,2025-05-24T23:39:21.092098,26.5,58.3,0.69,0.2,1007.8
WS002,2025-05-25T00:39:21.092098,28.0,73.0,0.0,3.6,1010.6
WS002,2025-05-25T01:39:21.092098,28.3,78.1,0.0,3.2,1015.9
WS002,2025-05-25T02:39:21.092098,26.6,76.9,0.0,0.1,1008.8
WS002,2025-05-25T03:39:21.092098,25.2,75.8,0.0,8.9,1018.6
WS002,2025-05-25T04:39:21.092098,29.3,74.7,0.0,3.4,1003.0
WS002,2025-05-25T05:39:21.092098,28.4,66.8,0.36,3.8,1012.5
WS002,2025-05-25T06:39:21.092098,27.0,68.3,0.0,10.8,1010.6
WS002,2025-05-25T07:39:21.092098,27.8,71.3,0.0,10.4,1020.0
WS002,2025-05-25T08:39:21.092098,29.9,74.7,0.0,2.1,1016.0
WS002,2025-05-25T09:39:21.092098,31.4,70.2,0.0,5.7,1015.8
WS002,2025-05-25T10:39:21.092098,33.1,70.4,0.0,2.9,1011.0
WS002,2025-05-25T11:39:21.092098,29.4,67.2,2.43,3.9,1015.9
WS002,2025-05-25T12:39:21.092098,31.8,64.8,0.07,4.4,1011.4
WS002,2025-05-25T13:39:21.092098,30.4,67.8,2.12,2.3,1013.9
WS002,2025-05-25T14:39:21.092098,31.1,70.6,0.0,1.8,1013.5
WS002,2025-05-25T15:39:21.092098,30.4,74.2,0.0,2.5,1015.9
WS002,2025-05-25T16:39:21.092098,30.0,70.9,2.24,9.4,1017.2
WS002,2025-05-25T17:39:21.092098,28.7,65.2,0.0,8.2,1011.9
WS002,2025-05-25T18:39:21.092098,29.9,73.6,0.24,2.3,1016.8
WS002,2025-05-25T19:39:21.092098,27.9,68.1,2.05,4.6,1020.3
WS002,2025-05-25T20:39:21.092098,29.7,70.3,0.0,4.7,1003.8
WS002,2025-05-25T21:39:21.092098,26.2,65.7,0.0,8.7,1009.0
WS002,2025-05-25T22:39:21.092098,27.0,67.9,0.0,5.2,1025.6
WS002,2025-05-25T23:39:21.092098,27.4,66.0,0.0,6.6,1011.1
WS002,2025-05-26T00:39:21.092098,27.7,65.6,0.0,1.2,1010.6
WS002,2025-05-26T01:39:21.092098,28.5,73.7,0.0,3.1,1008.2
WS002,2025-05-26T02:39:21.092098,29.0,74.4,0.0,2.1,1015.5
WS002,2025-05-26T03:39:21.092098,26.3,70.8,0.0,3.9,1007.1
WS002,2025-05-26T04:39:21.092098,28.3,72.7,0.0,9.9,1007.9
WS002,2025-05-26T05:39:21.092098,26.4,60.0,0.0,2.6,1011.0
WS002,2025-05-26T06:39:21.092098,26.3,60.0,0.0,3.3,1012.4
WS002,2025-05-26T07:39:21.092098,28.9,67.1,0.0,3.1,998.5
WS002,2025-05-26T08:39:21.092098,28.7,70.0,0.27,6.0,1010.0
WS002,2025-05-26T09:39:21.092098,31.2,67.8,0.12,3.1,1013.7
WS002,2025-05-26T10:39:21.092098,31.9,64.3,0.0,10.6,1011.2
WS002,2025-05-26T11:39:21.092098,30.1,66.0,0.05,3.8,1018.6
WS002,2025-05-26T12:39:21.092098,30.5,66.9,0.0,0.7,1014.4
WS002,2025-05-26T13:39:21.092098,30.1,71.6,0.75,3.2,1006.9
WS002,2025-05-26T14:39:21.092098,29.9,59.4,0.0,7.5,1019.2
WS002,2025-05-26T15:39:21.092098,29.8,70.1,0.0,1.5,1004.5
WS002,2025-05-26T16:39:21.092098,30.5,70.6,0.0,13.2,1010.3
WS002,2025-05-26T17:39:21.092098,29.0,61.1,0.0,1.7,1018.9
WS002,2025-05-26T18:39:21.092098,29.2,61.2,0.0,1.3,1013.5
WS002,2025-05-26T19:39:21.092098,27.9,73.1,1.75,6.5,1004.1
WS002,2025-05-26T20:39:21.092098,27.9,64.2,0.0,1.1,1012.7
WS002,2025-05-26T21:39:21.092098,27.5,68.6,0.0,4.0,1010.1
WS002,2025-05-26T22:39:21.092098,26.0,66.0,0.0,2.3,1021.4
WS002,2025-05-26T23:39:21.092098,26.2,63.5,0.0,1.6,1020.3
WS002,2025-05-27T00:39:21.092098,27.8,65.5,0.66,10.1,1013.5
WS002,2025-05-27T01:39:21.092098,26.5,68.8,0.0,3.3,1015.0
WS002,2025-05-27T02:39:21.092098,26.2,68.8,1.54,2.4,1009.7
WS002,2025-05-27T03:39:21.092098,28.4,69.5,0.0,2.0,1016.9
WS002,2025-05-27T04:39:21.092098,27.8,64.4,0.0,0.2,1002.7
WS002,2025-05-27T05:39:21.092098,28.3,75.2,4.75,2.0,1017.6
WS002,2025-05-27T06:39:21.092098,30.3,64.1,1.41,2.6,1010.3
WS002,2025-05-27T07:39:21.092098,29.3,65.8,0.0,9.3,1016.5
WS002,2025-05-27T08:39:21.092098,31.7,80.4,0.0,8.2,1014.3
WS002,2025-05-27T09:39:21.092098,29.6,68.9,0.0,7.7,1018.5
WS002,2025-05-27T10:39:21.092098,31.8,64.7,3.24,0.8,1015.8
WS002,2025-05-27T11:39:21.092098,31.5,72.2,1.62,2.8,1007.2
WS002,2025-05-27T12:39:21.092098,32.1,72.2,0.0,4.4,1015.7
WS002,2025-05-27T13:39:21.092098,30.6,64.0,1.62,5.5,1008.3
WS002,2025-05-27T14:39:21.092098,29.7,59.6,0.0,6.4,1015.5
WS002,2025-05-27T15:39:21.092098,29.7,64.7,1.88,11.0,1010.3
WS002,2025-05-27T16:39:21.092098,31.1,74.7,0.0,4.0,1017.2
WS002,2025-05-27T17:39:21.092098,29.8,79.3,0.0,2.7,1009.7
WS002,2025-05-27T18:39:21.092098,29.7,73.0,0.0,0.7,1007.8
WS002,2025-05-27T19:39:21.092098,28.6,71.3,0.0,13.7,1005.3
WS002,2025-05-27T20:39:21.092098,28.2,65.9,0.0,4.4,1012.8
WS002,2025-05-27T21:39:21.092098,26.8,64.6,0.0,8.7,1019.1
WS002,2025-05-27T22:39:21.092098,25.9,73.5,0.0,4.9,1011.7
WS002,2025-05-27T23:39:21.092098,28.8,73.5,0.0,3.1,1006.4
WS002,2025-05-28T00:39:21.092098,27.7,57.4,0.4,4.0,1012.8
